Copyright 1986-2022 Xilinx, Inc. All Rights Reserved. Copyright 2022-2024 Advanced Micro Devices, Inc. All Rights Reserved.
------------------------------------------------------------------------------------------------------------------------------------------------------------------------------------------------------------------
| Tool Version : Vivado v.2024.2 (win64) Build 5239630 Fri Nov 08 22:35:27 MST 2024
| Date         : Thu Apr  2 12:46:39 2026
| Host         : DJOSSOU running 64-bit major release  (build 9200)
| Command      : report_timing_summary -max_paths 10 -report_unconstrained -file top_vga_timing_summary_routed.rpt -pb top_vga_timing_summary_routed.pb -rpx top_vga_timing_summary_routed.rpx -warn_on_violation
| Design       : top_vga
| Device       : 7a35t-cpg236
| Speed File   : -1  PRODUCTION 1.23 2018-06-13
| Design State : Routed
------------------------------------------------------------------------------------------------------------------------------------------------------------------------------------------------------------------

Timing Summary Report

------------------------------------------------------------------------------------------------
| Timer Settings
| --------------
------------------------------------------------------------------------------------------------

  Enable Multi Corner Analysis               :  Yes
  Enable Pessimism Removal                   :  Yes
  Pessimism Removal Resolution               :  Nearest Common Node
  Enable Input Delay Default Clock           :  No
  Enable Preset / Clear Arcs                 :  No
  Disable Flight Delays                      :  No
  Ignore I/O Paths                           :  No
  Timing Early Launch at Borrowing Latches   :  No
  Borrow Time for Max Delay Exceptions       :  Yes
  Merge Timing Exceptions                    :  Yes
  Inter-SLR Compensation                     :  Conservative

  Corner  Analyze    Analyze    
  Name    Max Paths  Min Paths  
  ------  ---------  ---------  
  Slow    Yes        Yes        
  Fast    Yes        Yes        


------------------------------------------------------------------------------------------------
| Report Methodology
| ------------------
------------------------------------------------------------------------------------------------

Rule       Severity  Description                                 Violations  
---------  --------  ------------------------------------------  ----------  
SYNTH-6    Warning   Timing of a RAM block might be sub-optimal  3           
TIMING-18  Warning   Missing input or output delay               34          

Note: This report is based on the most recent report_methodology run and may not be up-to-date. Run report_methodology on the current design for the latest report.



check_timing report

Table of Contents
-----------------
1. checking no_clock (0)
2. checking constant_clock (0)
3. checking pulse_width_clock (0)
4. checking unconstrained_internal_endpoints (0)
5. checking no_input_delay (8)
6. checking no_output_delay (26)
7. checking multiple_clock (0)
8. checking generated_clocks (0)
9. checking loops (0)
10. checking partial_input_delay (0)
11. checking partial_output_delay (0)
12. checking latch_loops (0)

1. checking no_clock (0)
------------------------
 There are 0 register/latch pins with no clock.


2. checking constant_clock (0)
------------------------------
 There are 0 register/latch pins with constant_clock.


3. checking pulse_width_clock (0)
---------------------------------
 There are 0 register/latch pins which need pulse_width check


4. checking unconstrained_internal_endpoints (0)
------------------------------------------------
 There are 0 pins that are not constrained for maximum delay.

 There are 0 pins that are not constrained for maximum delay due to constant clock.


5. checking no_input_delay (8)
------------------------------
 There are 8 input ports with no input delay specified. (HIGH)

 There are 0 input ports with no input delay but user has a false path constraint.


6. checking no_output_delay (26)
--------------------------------
 There are 26 ports with no output delay specified. (HIGH)

 There are 0 ports with no output delay but user has a false path constraint

 There are 0 ports with no output delay but with a timing clock defined on it or propagating through it


7. checking multiple_clock (0)
------------------------------
 There are 0 register/latch pins with multiple clocks.


8. checking generated_clocks (0)
--------------------------------
 There are 0 generated clocks that are not connected to a clock source.


9. checking loops (0)
---------------------
 There are 0 combinational loops in the design.


10. checking partial_input_delay (0)
------------------------------------
 There are 0 input ports with partial input delay specified.


11. checking partial_output_delay (0)
-------------------------------------
 There are 0 ports with partial output delay specified.


12. checking latch_loops (0)
----------------------------
 There are 0 combinational latch loops in the design through latch input



------------------------------------------------------------------------------------------------
| Design Timing Summary
| ---------------------
------------------------------------------------------------------------------------------------

    WNS(ns)      TNS(ns)  TNS Failing Endpoints  TNS Total Endpoints      WHS(ns)      THS(ns)  THS Failing Endpoints  THS Total Endpoints     WPWS(ns)     TPWS(ns)  TPWS Failing Endpoints  TPWS Total Endpoints  
    -------      -------  ---------------------  -------------------      -------      -------  ---------------------  -------------------     --------     --------  ----------------------  --------------------  
      0.763        0.000                      0                  841        0.069        0.000                      0                  841        4.500        0.000                       0                   532  


All user specified timing constraints are met.


------------------------------------------------------------------------------------------------
| Clock Summary
| -------------
------------------------------------------------------------------------------------------------

Clock        Waveform(ns)       Period(ns)      Frequency(MHz)
-----        ------------       ----------      --------------
sys_clk_pin  {0.000 5.000}      10.000          100.000         


------------------------------------------------------------------------------------------------
| Intra Clock Table
| -----------------
------------------------------------------------------------------------------------------------

Clock             WNS(ns)      TNS(ns)  TNS Failing Endpoints  TNS Total Endpoints      WHS(ns)      THS(ns)  THS Failing Endpoints  THS Total Endpoints     WPWS(ns)     TPWS(ns)  TPWS Failing Endpoints  TPWS Total Endpoints  
-----             -------      -------  ---------------------  -------------------      -------      -------  ---------------------  -------------------     --------     --------  ----------------------  --------------------  
sys_clk_pin         0.763        0.000                      0                  841        0.069        0.000                      0                  841        4.500        0.000                       0                   532  


------------------------------------------------------------------------------------------------
| Inter Clock Table
| -----------------
------------------------------------------------------------------------------------------------

From Clock    To Clock          WNS(ns)      TNS(ns)  TNS Failing Endpoints  TNS Total Endpoints      WHS(ns)      THS(ns)  THS Failing Endpoints  THS Total Endpoints  
----------    --------          -------      -------  ---------------------  -------------------      -------      -------  ---------------------  -------------------  


------------------------------------------------------------------------------------------------
| Other Path Groups Table
| -----------------------
------------------------------------------------------------------------------------------------

Path Group    From Clock    To Clock          WNS(ns)      TNS(ns)  TNS Failing Endpoints  TNS Total Endpoints      WHS(ns)      THS(ns)  THS Failing Endpoints  THS Total Endpoints  
----------    ----------    --------          -------      -------  ---------------------  -------------------      -------      -------  ---------------------  -------------------  


------------------------------------------------------------------------------------------------
| User Ignored Path Table
| -----------------------
------------------------------------------------------------------------------------------------

Path Group    From Clock    To Clock    
----------    ----------    --------    


------------------------------------------------------------------------------------------------
| Unconstrained Path Table
| ------------------------
------------------------------------------------------------------------------------------------

Path Group    From Clock    To Clock    
----------    ----------    --------    
(none)        sys_clk_pin                 
(none)                      sys_clk_pin   


------------------------------------------------------------------------------------------------
| Timing Details
| --------------
------------------------------------------------------------------------------------------------


---------------------------------------------------------------------------------------------------
From Clock:  sys_clk_pin
  To Clock:  sys_clk_pin

Setup :            0  Failing Endpoints,  Worst Slack        0.763ns,  Total Violation        0.000ns
Hold  :            0  Failing Endpoints,  Worst Slack        0.069ns,  Total Violation        0.000ns
PW    :            0  Failing Endpoints,  Worst Slack        4.500ns,  Total Violation        0.000ns
---------------------------------------------------------------------------------------------------


Max Delay Paths
--------------------------------------------------------------------------------------
Slack (MET) :             0.763ns  (required time - arrival time)
  Source:                 laby_top/laby_inst/cellule_courante_reg[1]_rep__0/C
                            (rising edge-triggered cell FDRE clocked by sys_clk_pin  {rise@0.000ns fall@5.000ns period=10.000ns})
  Destination:            laby_top/laby_inst/liste_addr_w_reg[0]/CE
                            (rising edge-triggered cell FDRE clocked by sys_clk_pin  {rise@0.000ns fall@5.000ns period=10.000ns})
  Path Group:             sys_clk_pin
  Path Type:              Setup (Max at Slow Process Corner)
  Requirement:            10.000ns  (sys_clk_pin rise@10.000ns - sys_clk_pin rise@0.000ns)
  Data Path Delay:        8.927ns  (logic 2.733ns (30.614%)  route 6.194ns (69.386%))
  Logic Levels:           9  (LUT2=1 LUT4=1 LUT5=1 LUT6=3 MUXF7=3)
  Clock Path Skew:        -0.105ns (DCD - SCD + CPR)
    Destination Clock Delay (DCD):    4.791ns = ( 14.791 - 10.000 ) 
    Source Clock Delay      (SCD):    5.156ns
    Clock Pessimism Removal (CPR):    0.260ns
  Clock Uncertainty:      0.035ns  ((TSJ^2 + TIJ^2)^1/2 + DJ) / 2 + PE
    Total System Jitter     (TSJ):    0.071ns
    Total Input Jitter      (TIJ):    0.000ns
    Discrete Jitter          (DJ):    0.000ns
    Phase Error              (PE):    0.000ns

    Location             Delay type                Incr(ns)  Path(ns)    Netlist Resource(s)
  -------------------------------------------------------------------    -------------------
                         (clock sys_clk_pin rise edge)
                                                      0.000     0.000 r  
    W5                                                0.000     0.000 r  clk (IN)
                         net (fo=0)                   0.000     0.000    clk
    W5                   IBUF (Prop_ibuf_I_O)         1.458     1.458 r  clk_IBUF_inst/O
                         net (fo=1, routed)           1.967     3.425    clk_IBUF
    BUFGCTRL_X0Y0        BUFG (Prop_bufg_I_O)         0.096     3.521 r  clk_IBUF_BUFG_inst/O
                         net (fo=531, routed)         1.635     5.156    laby_top/laby_inst/clk_IBUF_BUFG
    SLICE_X6Y4           FDRE                                         r  laby_top/laby_inst/cellule_courante_reg[1]_rep__0/C
  -------------------------------------------------------------------    -------------------
    SLICE_X6Y4           FDRE (Prop_fdre_C_Q)         0.518     5.674 r  laby_top/laby_inst/cellule_courante_reg[1]_rep__0/Q
                         net (fo=65, routed)          1.114     6.789    laby_top/laby_inst/cellule_courante_reg[1]_rep__0_n_0
    SLICE_X4Y6           LUT2 (Prop_lut2_I1_O)        0.153     6.942 r  laby_top/laby_inst/FSM_sequential_etat[0]_i_305/O
                         net (fo=32, routed)          1.063     8.004    laby_top/laby_inst/FSM_sequential_etat[0]_i_305_n_0
    SLICE_X12Y3          MUXF7 (Prop_muxf7_S_O)       0.495     8.499 r  laby_top/laby_inst/FSM_sequential_etat_reg[0]_i_219/O
                         net (fo=1, routed)           0.569     9.069    laby_top/laby_inst/FSM_sequential_etat_reg[0]_i_219_n_0
    SLICE_X12Y4          LUT5 (Prop_lut5_I3_O)        0.297     9.366 r  laby_top/laby_inst/FSM_sequential_etat[0]_i_101/O
                         net (fo=1, routed)           1.040    10.406    laby_top/laby_inst/FSM_sequential_etat[0]_i_101_n_0
    SLICE_X6Y9           LUT6 (Prop_lut6_I1_O)        0.124    10.530 r  laby_top/laby_inst/FSM_sequential_etat[0]_i_40/O
                         net (fo=1, routed)           0.000    10.530    laby_top/laby_inst/FSM_sequential_etat[0]_i_40_n_0
    SLICE_X6Y9           MUXF7 (Prop_muxf7_I1_O)      0.214    10.744 r  laby_top/laby_inst/FSM_sequential_etat_reg[0]_i_18/O
                         net (fo=2, routed)           0.713    11.457    laby_top/laby_inst/FSM_sequential_etat_reg[0]_i_18_n_0
    SLICE_X5Y12          LUT6 (Prop_lut6_I3_O)        0.297    11.754 f  laby_top/laby_inst/liste_addr_w[8]_i_7/O
                         net (fo=1, routed)           0.000    11.754    laby_top/laby_inst/liste_addr_w[8]_i_7_n_0
    SLICE_X5Y12          MUXF7 (Prop_muxf7_I0_O)      0.212    11.966 f  laby_top/laby_inst/liste_addr_w_reg[8]_i_5/O
                         net (fo=1, routed)           0.299    12.265    laby_top/laby_inst/liste_addr_w_reg[8]_i_5_n_0
    SLICE_X5Y10          LUT6 (Prop_lut6_I1_O)        0.299    12.564 r  laby_top/laby_inst/liste_addr_w[8]_i_4/O
                         net (fo=1, routed)           0.665    13.229    laby_top/laby_inst/liste_addr_w[8]_i_4_n_0
    SLICE_X5Y3           LUT4 (Prop_lut4_I2_O)        0.124    13.353 r  laby_top/laby_inst/liste_addr_w[8]_i_1/O
                         net (fo=19, routed)          0.730    14.083    laby_top/laby_inst/liste_addr_w[8]_i_1_n_0
    SLICE_X8Y3           FDRE                                         r  laby_top/laby_inst/liste_addr_w_reg[0]/CE
  -------------------------------------------------------------------    -------------------

                         (clock sys_clk_pin rise edge)
                                                     10.000    10.000 r  
    W5                                                0.000    10.000 r  clk (IN)
                         net (fo=0)                   0.000    10.000    clk
    W5                   IBUF (Prop_ibuf_I_O)         1.388    11.388 r  clk_IBUF_inst/O
                         net (fo=1, routed)           1.862    13.250    clk_IBUF
    BUFGCTRL_X0Y0        BUFG (Prop_bufg_I_O)         0.091    13.341 r  clk_IBUF_BUFG_inst/O
                         net (fo=531, routed)         1.450    14.791    laby_top/laby_inst/clk_IBUF_BUFG
    SLICE_X8Y3           FDRE                                         r  laby_top/laby_inst/liste_addr_w_reg[0]/C
                         clock pessimism              0.260    15.051    
                         clock uncertainty           -0.035    15.016    
    SLICE_X8Y3           FDRE (Setup_fdre_C_CE)      -0.169    14.847    laby_top/laby_inst/liste_addr_w_reg[0]
  -------------------------------------------------------------------
                         required time                         14.847    
                         arrival time                         -14.083    
  -------------------------------------------------------------------
                         slack                                  0.763    

Slack (MET) :             0.763ns  (required time - arrival time)
  Source:                 laby_top/laby_inst/cellule_courante_reg[1]_rep__0/C
                            (rising edge-triggered cell FDRE clocked by sys_clk_pin  {rise@0.000ns fall@5.000ns period=10.000ns})
  Destination:            laby_top/laby_inst/liste_addr_w_reg[1]/CE
                            (rising edge-triggered cell FDRE clocked by sys_clk_pin  {rise@0.000ns fall@5.000ns period=10.000ns})
  Path Group:             sys_clk_pin
  Path Type:              Setup (Max at Slow Process Corner)
  Requirement:            10.000ns  (sys_clk_pin rise@10.000ns - sys_clk_pin rise@0.000ns)
  Data Path Delay:        8.927ns  (logic 2.733ns (30.614%)  route 6.194ns (69.386%))
  Logic Levels:           9  (LUT2=1 LUT4=1 LUT5=1 LUT6=3 MUXF7=3)
  Clock Path Skew:        -0.105ns (DCD - SCD + CPR)
    Destination Clock Delay (DCD):    4.791ns = ( 14.791 - 10.000 ) 
    Source Clock Delay      (SCD):    5.156ns
    Clock Pessimism Removal (CPR):    0.260ns
  Clock Uncertainty:      0.035ns  ((TSJ^2 + TIJ^2)^1/2 + DJ) / 2 + PE
    Total System Jitter     (TSJ):    0.071ns
    Total Input Jitter      (TIJ):    0.000ns
    Discrete Jitter          (DJ):    0.000ns
    Phase Error              (PE):    0.000ns

    Location             Delay type                Incr(ns)  Path(ns)    Netlist Resource(s)
  -------------------------------------------------------------------    -------------------
                         (clock sys_clk_pin rise edge)
                                                      0.000     0.000 r  
    W5                                                0.000     0.000 r  clk (IN)
                         net (fo=0)                   0.000     0.000    clk
    W5                   IBUF (Prop_ibuf_I_O)         1.458     1.458 r  clk_IBUF_inst/O
                         net (fo=1, routed)           1.967     3.425    clk_IBUF
    BUFGCTRL_X0Y0        BUFG (Prop_bufg_I_O)         0.096     3.521 r  clk_IBUF_BUFG_inst/O
                         net (fo=531, routed)         1.635     5.156    laby_top/laby_inst/clk_IBUF_BUFG
    SLICE_X6Y4           FDRE                                         r  laby_top/laby_inst/cellule_courante_reg[1]_rep__0/C
  -------------------------------------------------------------------    -------------------
    SLICE_X6Y4           FDRE (Prop_fdre_C_Q)         0.518     5.674 r  laby_top/laby_inst/cellule_courante_reg[1]_rep__0/Q
                         net (fo=65, routed)          1.114     6.789    laby_top/laby_inst/cellule_courante_reg[1]_rep__0_n_0
    SLICE_X4Y6           LUT2 (Prop_lut2_I1_O)        0.153     6.942 r  laby_top/laby_inst/FSM_sequential_etat[0]_i_305/O
                         net (fo=32, routed)          1.063     8.004    laby_top/laby_inst/FSM_sequential_etat[0]_i_305_n_0
    SLICE_X12Y3          MUXF7 (Prop_muxf7_S_O)       0.495     8.499 r  laby_top/laby_inst/FSM_sequential_etat_reg[0]_i_219/O
                         net (fo=1, routed)           0.569     9.069    laby_top/laby_inst/FSM_sequential_etat_reg[0]_i_219_n_0
    SLICE_X12Y4          LUT5 (Prop_lut5_I3_O)        0.297     9.366 r  laby_top/laby_inst/FSM_sequential_etat[0]_i_101/O
                         net (fo=1, routed)           1.040    10.406    laby_top/laby_inst/FSM_sequential_etat[0]_i_101_n_0
    SLICE_X6Y9           LUT6 (Prop_lut6_I1_O)        0.124    10.530 r  laby_top/laby_inst/FSM_sequential_etat[0]_i_40/O
                         net (fo=1, routed)           0.000    10.530    laby_top/laby_inst/FSM_sequential_etat[0]_i_40_n_0
    SLICE_X6Y9           MUXF7 (Prop_muxf7_I1_O)      0.214    10.744 r  laby_top/laby_inst/FSM_sequential_etat_reg[0]_i_18/O
                         net (fo=2, routed)           0.713    11.457    laby_top/laby_inst/FSM_sequential_etat_reg[0]_i_18_n_0
    SLICE_X5Y12          LUT6 (Prop_lut6_I3_O)        0.297    11.754 f  laby_top/laby_inst/liste_addr_w[8]_i_7/O
                         net (fo=1, routed)           0.000    11.754    laby_top/laby_inst/liste_addr_w[8]_i_7_n_0
    SLICE_X5Y12          MUXF7 (Prop_muxf7_I0_O)      0.212    11.966 f  laby_top/laby_inst/liste_addr_w_reg[8]_i_5/O
                         net (fo=1, routed)           0.299    12.265    laby_top/laby_inst/liste_addr_w_reg[8]_i_5_n_0
    SLICE_X5Y10          LUT6 (Prop_lut6_I1_O)        0.299    12.564 r  laby_top/laby_inst/liste_addr_w[8]_i_4/O
                         net (fo=1, routed)           0.665    13.229    laby_top/laby_inst/liste_addr_w[8]_i_4_n_0
    SLICE_X5Y3           LUT4 (Prop_lut4_I2_O)        0.124    13.353 r  laby_top/laby_inst/liste_addr_w[8]_i_1/O
                         net (fo=19, routed)          0.730    14.083    laby_top/laby_inst/liste_addr_w[8]_i_1_n_0
    SLICE_X8Y3           FDRE                                         r  laby_top/laby_inst/liste_addr_w_reg[1]/CE
  -------------------------------------------------------------------    -------------------

                         (clock sys_clk_pin rise edge)
                                                     10.000    10.000 r  
    W5                                                0.000    10.000 r  clk (IN)
                         net (fo=0)                   0.000    10.000    clk
    W5                   IBUF (Prop_ibuf_I_O)         1.388    11.388 r  clk_IBUF_inst/O
                         net (fo=1, routed)           1.862    13.250    clk_IBUF
    BUFGCTRL_X0Y0        BUFG (Prop_bufg_I_O)         0.091    13.341 r  clk_IBUF_BUFG_inst/O
                         net (fo=531, routed)         1.450    14.791    laby_top/laby_inst/clk_IBUF_BUFG
    SLICE_X8Y3           FDRE                                         r  laby_top/laby_inst/liste_addr_w_reg[1]/C
                         clock pessimism              0.260    15.051    
                         clock uncertainty           -0.035    15.016    
    SLICE_X8Y3           FDRE (Setup_fdre_C_CE)      -0.169    14.847    laby_top/laby_inst/liste_addr_w_reg[1]
  -------------------------------------------------------------------
                         required time                         14.847    
                         arrival time                         -14.083    
  -------------------------------------------------------------------
                         slack                                  0.763    

Slack (MET) :             0.763ns  (required time - arrival time)
  Source:                 laby_top/laby_inst/cellule_courante_reg[1]_rep__0/C
                            (rising edge-triggered cell FDRE clocked by sys_clk_pin  {rise@0.000ns fall@5.000ns period=10.000ns})
  Destination:            laby_top/laby_inst/liste_addr_w_reg[2]/CE
                            (rising edge-triggered cell FDRE clocked by sys_clk_pin  {rise@0.000ns fall@5.000ns period=10.000ns})
  Path Group:             sys_clk_pin
  Path Type:              Setup (Max at Slow Process Corner)
  Requirement:            10.000ns  (sys_clk_pin rise@10.000ns - sys_clk_pin rise@0.000ns)
  Data Path Delay:        8.927ns  (logic 2.733ns (30.614%)  route 6.194ns (69.386%))
  Logic Levels:           9  (LUT2=1 LUT4=1 LUT5=1 LUT6=3 MUXF7=3)
  Clock Path Skew:        -0.105ns (DCD - SCD + CPR)
    Destination Clock Delay (DCD):    4.791ns = ( 14.791 - 10.000 ) 
    Source Clock Delay      (SCD):    5.156ns
    Clock Pessimism Removal (CPR):    0.260ns
  Clock Uncertainty:      0.035ns  ((TSJ^2 + TIJ^2)^1/2 + DJ) / 2 + PE
    Total System Jitter     (TSJ):    0.071ns
    Total Input Jitter      (TIJ):    0.000ns
    Discrete Jitter          (DJ):    0.000ns
    Phase Error              (PE):    0.000ns

    Location             Delay type                Incr(ns)  Path(ns)    Netlist Resource(s)
  -------------------------------------------------------------------    -------------------
                         (clock sys_clk_pin rise edge)
                                                      0.000     0.000 r  
    W5                                                0.000     0.000 r  clk (IN)
                         net (fo=0)                   0.000     0.000    clk
    W5                   IBUF (Prop_ibuf_I_O)         1.458     1.458 r  clk_IBUF_inst/O
                         net (fo=1, routed)           1.967     3.425    clk_IBUF
    BUFGCTRL_X0Y0        BUFG (Prop_bufg_I_O)         0.096     3.521 r  clk_IBUF_BUFG_inst/O
                         net (fo=531, routed)         1.635     5.156    laby_top/laby_inst/clk_IBUF_BUFG
    SLICE_X6Y4           FDRE                                         r  laby_top/laby_inst/cellule_courante_reg[1]_rep__0/C
  -------------------------------------------------------------------    -------------------
    SLICE_X6Y4           FDRE (Prop_fdre_C_Q)         0.518     5.674 r  laby_top/laby_inst/cellule_courante_reg[1]_rep__0/Q
                         net (fo=65, routed)          1.114     6.789    laby_top/laby_inst/cellule_courante_reg[1]_rep__0_n_0
    SLICE_X4Y6           LUT2 (Prop_lut2_I1_O)        0.153     6.942 r  laby_top/laby_inst/FSM_sequential_etat[0]_i_305/O
                         net (fo=32, routed)          1.063     8.004    laby_top/laby_inst/FSM_sequential_etat[0]_i_305_n_0
    SLICE_X12Y3          MUXF7 (Prop_muxf7_S_O)       0.495     8.499 r  laby_top/laby_inst/FSM_sequential_etat_reg[0]_i_219/O
                         net (fo=1, routed)           0.569     9.069    laby_top/laby_inst/FSM_sequential_etat_reg[0]_i_219_n_0
    SLICE_X12Y4          LUT5 (Prop_lut5_I3_O)        0.297     9.366 r  laby_top/laby_inst/FSM_sequential_etat[0]_i_101/O
                         net (fo=1, routed)           1.040    10.406    laby_top/laby_inst/FSM_sequential_etat[0]_i_101_n_0
    SLICE_X6Y9           LUT6 (Prop_lut6_I1_O)        0.124    10.530 r  laby_top/laby_inst/FSM_sequential_etat[0]_i_40/O
                         net (fo=1, routed)           0.000    10.530    laby_top/laby_inst/FSM_sequential_etat[0]_i_40_n_0
    SLICE_X6Y9           MUXF7 (Prop_muxf7_I1_O)      0.214    10.744 r  laby_top/laby_inst/FSM_sequential_etat_reg[0]_i_18/O
                         net (fo=2, routed)           0.713    11.457    laby_top/laby_inst/FSM_sequential_etat_reg[0]_i_18_n_0
    SLICE_X5Y12          LUT6 (Prop_lut6_I3_O)        0.297    11.754 f  laby_top/laby_inst/liste_addr_w[8]_i_7/O
                         net (fo=1, routed)           0.000    11.754    laby_top/laby_inst/liste_addr_w[8]_i_7_n_0
    SLICE_X5Y12          MUXF7 (Prop_muxf7_I0_O)      0.212    11.966 f  laby_top/laby_inst/liste_addr_w_reg[8]_i_5/O
                         net (fo=1, routed)           0.299    12.265    laby_top/laby_inst/liste_addr_w_reg[8]_i_5_n_0
    SLICE_X5Y10          LUT6 (Prop_lut6_I1_O)        0.299    12.564 r  laby_top/laby_inst/liste_addr_w[8]_i_4/O
                         net (fo=1, routed)           0.665    13.229    laby_top/laby_inst/liste_addr_w[8]_i_4_n_0
    SLICE_X5Y3           LUT4 (Prop_lut4_I2_O)        0.124    13.353 r  laby_top/laby_inst/liste_addr_w[8]_i_1/O
                         net (fo=19, routed)          0.730    14.083    laby_top/laby_inst/liste_addr_w[8]_i_1_n_0
    SLICE_X8Y3           FDRE                                         r  laby_top/laby_inst/liste_addr_w_reg[2]/CE
  -------------------------------------------------------------------    -------------------

                         (clock sys_clk_pin rise edge)
                                                     10.000    10.000 r  
    W5                                                0.000    10.000 r  clk (IN)
                         net (fo=0)                   0.000    10.000    clk
    W5                   IBUF (Prop_ibuf_I_O)         1.388    11.388 r  clk_IBUF_inst/O
                         net (fo=1, routed)           1.862    13.250    clk_IBUF
    BUFGCTRL_X0Y0        BUFG (Prop_bufg_I_O)         0.091    13.341 r  clk_IBUF_BUFG_inst/O
                         net (fo=531, routed)         1.450    14.791    laby_top/laby_inst/clk_IBUF_BUFG
    SLICE_X8Y3           FDRE                                         r  laby_top/laby_inst/liste_addr_w_reg[2]/C
                         clock pessimism              0.260    15.051    
                         clock uncertainty           -0.035    15.016    
    SLICE_X8Y3           FDRE (Setup_fdre_C_CE)      -0.169    14.847    laby_top/laby_inst/liste_addr_w_reg[2]
  -------------------------------------------------------------------
                         required time                         14.847    
                         arrival time                         -14.083    
  -------------------------------------------------------------------
                         slack                                  0.763    

Slack (MET) :             0.763ns  (required time - arrival time)
  Source:                 laby_top/laby_inst/cellule_courante_reg[1]_rep__0/C
                            (rising edge-triggered cell FDRE clocked by sys_clk_pin  {rise@0.000ns fall@5.000ns period=10.000ns})
  Destination:            laby_top/laby_inst/liste_addr_w_reg[3]/CE
                            (rising edge-triggered cell FDRE clocked by sys_clk_pin  {rise@0.000ns fall@5.000ns period=10.000ns})
  Path Group:             sys_clk_pin
  Path Type:              Setup (Max at Slow Process Corner)
  Requirement:            10.000ns  (sys_clk_pin rise@10.000ns - sys_clk_pin rise@0.000ns)
  Data Path Delay:        8.927ns  (logic 2.733ns (30.614%)  route 6.194ns (69.386%))
  Logic Levels:           9  (LUT2=1 LUT4=1 LUT5=1 LUT6=3 MUXF7=3)
  Clock Path Skew:        -0.105ns (DCD - SCD + CPR)
    Destination Clock Delay (DCD):    4.791ns = ( 14.791 - 10.000 ) 
    Source Clock Delay      (SCD):    5.156ns
    Clock Pessimism Removal (CPR):    0.260ns
  Clock Uncertainty:      0.035ns  ((TSJ^2 + TIJ^2)^1/2 + DJ) / 2 + PE
    Total System Jitter     (TSJ):    0.071ns
    Total Input Jitter      (TIJ):    0.000ns
    Discrete Jitter          (DJ):    0.000ns
    Phase Error              (PE):    0.000ns

    Location             Delay type                Incr(ns)  Path(ns)    Netlist Resource(s)
  -------------------------------------------------------------------    -------------------
                         (clock sys_clk_pin rise edge)
                                                      0.000     0.000 r  
    W5                                                0.000     0.000 r  clk (IN)
                         net (fo=0)                   0.000     0.000    clk
    W5                   IBUF (Prop_ibuf_I_O)         1.458     1.458 r  clk_IBUF_inst/O
                         net (fo=1, routed)           1.967     3.425    clk_IBUF
    BUFGCTRL_X0Y0        BUFG (Prop_bufg_I_O)         0.096     3.521 r  clk_IBUF_BUFG_inst/O
                         net (fo=531, routed)         1.635     5.156    laby_top/laby_inst/clk_IBUF_BUFG
    SLICE_X6Y4           FDRE                                         r  laby_top/laby_inst/cellule_courante_reg[1]_rep__0/C
  -------------------------------------------------------------------    -------------------
    SLICE_X6Y4           FDRE (Prop_fdre_C_Q)         0.518     5.674 r  laby_top/laby_inst/cellule_courante_reg[1]_rep__0/Q
                         net (fo=65, routed)          1.114     6.789    laby_top/laby_inst/cellule_courante_reg[1]_rep__0_n_0
    SLICE_X4Y6           LUT2 (Prop_lut2_I1_O)        0.153     6.942 r  laby_top/laby_inst/FSM_sequential_etat[0]_i_305/O
                         net (fo=32, routed)          1.063     8.004    laby_top/laby_inst/FSM_sequential_etat[0]_i_305_n_0
    SLICE_X12Y3          MUXF7 (Prop_muxf7_S_O)       0.495     8.499 r  laby_top/laby_inst/FSM_sequential_etat_reg[0]_i_219/O
                         net (fo=1, routed)           0.569     9.069    laby_top/laby_inst/FSM_sequential_etat_reg[0]_i_219_n_0
    SLICE_X12Y4          LUT5 (Prop_lut5_I3_O)        0.297     9.366 r  laby_top/laby_inst/FSM_sequential_etat[0]_i_101/O
                         net (fo=1, routed)           1.040    10.406    laby_top/laby_inst/FSM_sequential_etat[0]_i_101_n_0
    SLICE_X6Y9           LUT6 (Prop_lut6_I1_O)        0.124    10.530 r  laby_top/laby_inst/FSM_sequential_etat[0]_i_40/O
                         net (fo=1, routed)           0.000    10.530    laby_top/laby_inst/FSM_sequential_etat[0]_i_40_n_0
    SLICE_X6Y9           MUXF7 (Prop_muxf7_I1_O)      0.214    10.744 r  laby_top/laby_inst/FSM_sequential_etat_reg[0]_i_18/O
                         net (fo=2, routed)           0.713    11.457    laby_top/laby_inst/FSM_sequential_etat_reg[0]_i_18_n_0
    SLICE_X5Y12          LUT6 (Prop_lut6_I3_O)        0.297    11.754 f  laby_top/laby_inst/liste_addr_w[8]_i_7/O
                         net (fo=1, routed)           0.000    11.754    laby_top/laby_inst/liste_addr_w[8]_i_7_n_0
    SLICE_X5Y12          MUXF7 (Prop_muxf7_I0_O)      0.212    11.966 f  laby_top/laby_inst/liste_addr_w_reg[8]_i_5/O
                         net (fo=1, routed)           0.299    12.265    laby_top/laby_inst/liste_addr_w_reg[8]_i_5_n_0
    SLICE_X5Y10          LUT6 (Prop_lut6_I1_O)        0.299    12.564 r  laby_top/laby_inst/liste_addr_w[8]_i_4/O
                         net (fo=1, routed)           0.665    13.229    laby_top/laby_inst/liste_addr_w[8]_i_4_n_0
    SLICE_X5Y3           LUT4 (Prop_lut4_I2_O)        0.124    13.353 r  laby_top/laby_inst/liste_addr_w[8]_i_1/O
                         net (fo=19, routed)          0.730    14.083    laby_top/laby_inst/liste_addr_w[8]_i_1_n_0
    SLICE_X8Y3           FDRE                                         r  laby_top/laby_inst/liste_addr_w_reg[3]/CE
  -------------------------------------------------------------------    -------------------

                         (clock sys_clk_pin rise edge)
                                                     10.000    10.000 r  
    W5                                                0.000    10.000 r  clk (IN)
                         net (fo=0)                   0.000    10.000    clk
    W5                   IBUF (Prop_ibuf_I_O)         1.388    11.388 r  clk_IBUF_inst/O
                         net (fo=1, routed)           1.862    13.250    clk_IBUF
    BUFGCTRL_X0Y0        BUFG (Prop_bufg_I_O)         0.091    13.341 r  clk_IBUF_BUFG_inst/O
                         net (fo=531, routed)         1.450    14.791    laby_top/laby_inst/clk_IBUF_BUFG
    SLICE_X8Y3           FDRE                                         r  laby_top/laby_inst/liste_addr_w_reg[3]/C
                         clock pessimism              0.260    15.051    
                         clock uncertainty           -0.035    15.016    
    SLICE_X8Y3           FDRE (Setup_fdre_C_CE)      -0.169    14.847    laby_top/laby_inst/liste_addr_w_reg[3]
  -------------------------------------------------------------------
                         required time                         14.847    
                         arrival time                         -14.083    
  -------------------------------------------------------------------
                         slack                                  0.763    

Slack (MET) :             0.763ns  (required time - arrival time)
  Source:                 laby_top/laby_inst/cellule_courante_reg[1]_rep__0/C
                            (rising edge-triggered cell FDRE clocked by sys_clk_pin  {rise@0.000ns fall@5.000ns period=10.000ns})
  Destination:            laby_top/laby_inst/liste_addr_w_reg[4]/CE
                            (rising edge-triggered cell FDRE clocked by sys_clk_pin  {rise@0.000ns fall@5.000ns period=10.000ns})
  Path Group:             sys_clk_pin
  Path Type:              Setup (Max at Slow Process Corner)
  Requirement:            10.000ns  (sys_clk_pin rise@10.000ns - sys_clk_pin rise@0.000ns)
  Data Path Delay:        8.927ns  (logic 2.733ns (30.614%)  route 6.194ns (69.386%))
  Logic Levels:           9  (LUT2=1 LUT4=1 LUT5=1 LUT6=3 MUXF7=3)
  Clock Path Skew:        -0.105ns (DCD - SCD + CPR)
    Destination Clock Delay (DCD):    4.791ns = ( 14.791 - 10.000 ) 
    Source Clock Delay      (SCD):    5.156ns
    Clock Pessimism Removal (CPR):    0.260ns
  Clock Uncertainty:      0.035ns  ((TSJ^2 + TIJ^2)^1/2 + DJ) / 2 + PE
    Total System Jitter     (TSJ):    0.071ns
    Total Input Jitter      (TIJ):    0.000ns
    Discrete Jitter          (DJ):    0.000ns
    Phase Error              (PE):    0.000ns

    Location             Delay type                Incr(ns)  Path(ns)    Netlist Resource(s)
  -------------------------------------------------------------------    -------------------
                         (clock sys_clk_pin rise edge)
                                                      0.000     0.000 r  
    W5                                                0.000     0.000 r  clk (IN)
                         net (fo=0)                   0.000     0.000    clk
    W5                   IBUF (Prop_ibuf_I_O)         1.458     1.458 r  clk_IBUF_inst/O
                         net (fo=1, routed)           1.967     3.425    clk_IBUF
    BUFGCTRL_X0Y0        BUFG (Prop_bufg_I_O)         0.096     3.521 r  clk_IBUF_BUFG_inst/O
                         net (fo=531, routed)         1.635     5.156    laby_top/laby_inst/clk_IBUF_BUFG
    SLICE_X6Y4           FDRE                                         r  laby_top/laby_inst/cellule_courante_reg[1]_rep__0/C
  -------------------------------------------------------------------    -------------------
    SLICE_X6Y4           FDRE (Prop_fdre_C_Q)         0.518     5.674 r  laby_top/laby_inst/cellule_courante_reg[1]_rep__0/Q
                         net (fo=65, routed)          1.114     6.789    laby_top/laby_inst/cellule_courante_reg[1]_rep__0_n_0
    SLICE_X4Y6           LUT2 (Prop_lut2_I1_O)        0.153     6.942 r  laby_top/laby_inst/FSM_sequential_etat[0]_i_305/O
                         net (fo=32, routed)          1.063     8.004    laby_top/laby_inst/FSM_sequential_etat[0]_i_305_n_0
    SLICE_X12Y3          MUXF7 (Prop_muxf7_S_O)       0.495     8.499 r  laby_top/laby_inst/FSM_sequential_etat_reg[0]_i_219/O
                         net (fo=1, routed)           0.569     9.069    laby_top/laby_inst/FSM_sequential_etat_reg[0]_i_219_n_0
    SLICE_X12Y4          LUT5 (Prop_lut5_I3_O)        0.297     9.366 r  laby_top/laby_inst/FSM_sequential_etat[0]_i_101/O
                         net (fo=1, routed)           1.040    10.406    laby_top/laby_inst/FSM_sequential_etat[0]_i_101_n_0
    SLICE_X6Y9           LUT6 (Prop_lut6_I1_O)        0.124    10.530 r  laby_top/laby_inst/FSM_sequential_etat[0]_i_40/O
                         net (fo=1, routed)           0.000    10.530    laby_top/laby_inst/FSM_sequential_etat[0]_i_40_n_0
    SLICE_X6Y9           MUXF7 (Prop_muxf7_I1_O)      0.214    10.744 r  laby_top/laby_inst/FSM_sequential_etat_reg[0]_i_18/O
                         net (fo=2, routed)           0.713    11.457    laby_top/laby_inst/FSM_sequential_etat_reg[0]_i_18_n_0
    SLICE_X5Y12          LUT6 (Prop_lut6_I3_O)        0.297    11.754 f  laby_top/laby_inst/liste_addr_w[8]_i_7/O
                         net (fo=1, routed)           0.000    11.754    laby_top/laby_inst/liste_addr_w[8]_i_7_n_0
    SLICE_X5Y12          MUXF7 (Prop_muxf7_I0_O)      0.212    11.966 f  laby_top/laby_inst/liste_addr_w_reg[8]_i_5/O
                         net (fo=1, routed)           0.299    12.265    laby_top/laby_inst/liste_addr_w_reg[8]_i_5_n_0
    SLICE_X5Y10          LUT6 (Prop_lut6_I1_O)        0.299    12.564 r  laby_top/laby_inst/liste_addr_w[8]_i_4/O
                         net (fo=1, routed)           0.665    13.229    laby_top/laby_inst/liste_addr_w[8]_i_4_n_0
    SLICE_X5Y3           LUT4 (Prop_lut4_I2_O)        0.124    13.353 r  laby_top/laby_inst/liste_addr_w[8]_i_1/O
                         net (fo=19, routed)          0.730    14.083    laby_top/laby_inst/liste_addr_w[8]_i_1_n_0
    SLICE_X8Y3           FDRE                                         r  laby_top/laby_inst/liste_addr_w_reg[4]/CE
  -------------------------------------------------------------------    -------------------

                         (clock sys_clk_pin rise edge)
                                                     10.000    10.000 r  
    W5                                                0.000    10.000 r  clk (IN)
                         net (fo=0)                   0.000    10.000    clk
    W5                   IBUF (Prop_ibuf_I_O)         1.388    11.388 r  clk_IBUF_inst/O
                         net (fo=1, routed)           1.862    13.250    clk_IBUF
    BUFGCTRL_X0Y0        BUFG (Prop_bufg_I_O)         0.091    13.341 r  clk_IBUF_BUFG_inst/O
                         net (fo=531, routed)         1.450    14.791    laby_top/laby_inst/clk_IBUF_BUFG
    SLICE_X8Y3           FDRE                                         r  laby_top/laby_inst/liste_addr_w_reg[4]/C
                         clock pessimism              0.260    15.051    
                         clock uncertainty           -0.035    15.016    
    SLICE_X8Y3           FDRE (Setup_fdre_C_CE)      -0.169    14.847    laby_top/laby_inst/liste_addr_w_reg[4]
  -------------------------------------------------------------------
                         required time                         14.847    
                         arrival time                         -14.083    
  -------------------------------------------------------------------
                         slack                                  0.763    

Slack (MET) :             0.763ns  (required time - arrival time)
  Source:                 laby_top/laby_inst/cellule_courante_reg[1]_rep__0/C
                            (rising edge-triggered cell FDRE clocked by sys_clk_pin  {rise@0.000ns fall@5.000ns period=10.000ns})
  Destination:            laby_top/laby_inst/liste_addr_w_reg[5]/CE
                            (rising edge-triggered cell FDRE clocked by sys_clk_pin  {rise@0.000ns fall@5.000ns period=10.000ns})
  Path Group:             sys_clk_pin
  Path Type:              Setup (Max at Slow Process Corner)
  Requirement:            10.000ns  (sys_clk_pin rise@10.000ns - sys_clk_pin rise@0.000ns)
  Data Path Delay:        8.927ns  (logic 2.733ns (30.614%)  route 6.194ns (69.386%))
  Logic Levels:           9  (LUT2=1 LUT4=1 LUT5=1 LUT6=3 MUXF7=3)
  Clock Path Skew:        -0.105ns (DCD - SCD + CPR)
    Destination Clock Delay (DCD):    4.791ns = ( 14.791 - 10.000 ) 
    Source Clock Delay      (SCD):    5.156ns
    Clock Pessimism Removal (CPR):    0.260ns
  Clock Uncertainty:      0.035ns  ((TSJ^2 + TIJ^2)^1/2 + DJ) / 2 + PE
    Total System Jitter     (TSJ):    0.071ns
    Total Input Jitter      (TIJ):    0.000ns
    Discrete Jitter          (DJ):    0.000ns
    Phase Error              (PE):    0.000ns

    Location             Delay type                Incr(ns)  Path(ns)    Netlist Resource(s)
  -------------------------------------------------------------------    -------------------
                         (clock sys_clk_pin rise edge)
                                                      0.000     0.000 r  
    W5                                                0.000     0.000 r  clk (IN)
                         net (fo=0)                   0.000     0.000    clk
    W5                   IBUF (Prop_ibuf_I_O)         1.458     1.458 r  clk_IBUF_inst/O
                         net (fo=1, routed)           1.967     3.425    clk_IBUF
    BUFGCTRL_X0Y0        BUFG (Prop_bufg_I_O)         0.096     3.521 r  clk_IBUF_BUFG_inst/O
                         net (fo=531, routed)         1.635     5.156    laby_top/laby_inst/clk_IBUF_BUFG
    SLICE_X6Y4           FDRE                                         r  laby_top/laby_inst/cellule_courante_reg[1]_rep__0/C
  -------------------------------------------------------------------    -------------------
    SLICE_X6Y4           FDRE (Prop_fdre_C_Q)         0.518     5.674 r  laby_top/laby_inst/cellule_courante_reg[1]_rep__0/Q
                         net (fo=65, routed)          1.114     6.789    laby_top/laby_inst/cellule_courante_reg[1]_rep__0_n_0
    SLICE_X4Y6           LUT2 (Prop_lut2_I1_O)        0.153     6.942 r  laby_top/laby_inst/FSM_sequential_etat[0]_i_305/O
                         net (fo=32, routed)          1.063     8.004    laby_top/laby_inst/FSM_sequential_etat[0]_i_305_n_0
    SLICE_X12Y3          MUXF7 (Prop_muxf7_S_O)       0.495     8.499 r  laby_top/laby_inst/FSM_sequential_etat_reg[0]_i_219/O
                         net (fo=1, routed)           0.569     9.069    laby_top/laby_inst/FSM_sequential_etat_reg[0]_i_219_n_0
    SLICE_X12Y4          LUT5 (Prop_lut5_I3_O)        0.297     9.366 r  laby_top/laby_inst/FSM_sequential_etat[0]_i_101/O
                         net (fo=1, routed)           1.040    10.406    laby_top/laby_inst/FSM_sequential_etat[0]_i_101_n_0
    SLICE_X6Y9           LUT6 (Prop_lut6_I1_O)        0.124    10.530 r  laby_top/laby_inst/FSM_sequential_etat[0]_i_40/O
                         net (fo=1, routed)           0.000    10.530    laby_top/laby_inst/FSM_sequential_etat[0]_i_40_n_0
    SLICE_X6Y9           MUXF7 (Prop_muxf7_I1_O)      0.214    10.744 r  laby_top/laby_inst/FSM_sequential_etat_reg[0]_i_18/O
                         net (fo=2, routed)           0.713    11.457    laby_top/laby_inst/FSM_sequential_etat_reg[0]_i_18_n_0
    SLICE_X5Y12          LUT6 (Prop_lut6_I3_O)        0.297    11.754 f  laby_top/laby_inst/liste_addr_w[8]_i_7/O
                         net (fo=1, routed)           0.000    11.754    laby_top/laby_inst/liste_addr_w[8]_i_7_n_0
    SLICE_X5Y12          MUXF7 (Prop_muxf7_I0_O)      0.212    11.966 f  laby_top/laby_inst/liste_addr_w_reg[8]_i_5/O
                         net (fo=1, routed)           0.299    12.265    laby_top/laby_inst/liste_addr_w_reg[8]_i_5_n_0
    SLICE_X5Y10          LUT6 (Prop_lut6_I1_O)        0.299    12.564 r  laby_top/laby_inst/liste_addr_w[8]_i_4/O
                         net (fo=1, routed)           0.665    13.229    laby_top/laby_inst/liste_addr_w[8]_i_4_n_0
    SLICE_X5Y3           LUT4 (Prop_lut4_I2_O)        0.124    13.353 r  laby_top/laby_inst/liste_addr_w[8]_i_1/O
                         net (fo=19, routed)          0.730    14.083    laby_top/laby_inst/liste_addr_w[8]_i_1_n_0
    SLICE_X8Y3           FDRE                                         r  laby_top/laby_inst/liste_addr_w_reg[5]/CE
  -------------------------------------------------------------------    -------------------

                         (clock sys_clk_pin rise edge)
                                                     10.000    10.000 r  
    W5                                                0.000    10.000 r  clk (IN)
                         net (fo=0)                   0.000    10.000    clk
    W5                   IBUF (Prop_ibuf_I_O)         1.388    11.388 r  clk_IBUF_inst/O
                         net (fo=1, routed)           1.862    13.250    clk_IBUF
    BUFGCTRL_X0Y0        BUFG (Prop_bufg_I_O)         0.091    13.341 r  clk_IBUF_BUFG_inst/O
                         net (fo=531, routed)         1.450    14.791    laby_top/laby_inst/clk_IBUF_BUFG
    SLICE_X8Y3           FDRE                                         r  laby_top/laby_inst/liste_addr_w_reg[5]/C
                         clock pessimism              0.260    15.051    
                         clock uncertainty           -0.035    15.016    
    SLICE_X8Y3           FDRE (Setup_fdre_C_CE)      -0.169    14.847    laby_top/laby_inst/liste_addr_w_reg[5]
  -------------------------------------------------------------------
                         required time                         14.847    
                         arrival time                         -14.083    
  -------------------------------------------------------------------
                         slack                                  0.763    

Slack (MET) :             0.763ns  (required time - arrival time)
  Source:                 laby_top/laby_inst/cellule_courante_reg[1]_rep__0/C
                            (rising edge-triggered cell FDRE clocked by sys_clk_pin  {rise@0.000ns fall@5.000ns period=10.000ns})
  Destination:            laby_top/laby_inst/liste_addr_w_reg[6]/CE
                            (rising edge-triggered cell FDRE clocked by sys_clk_pin  {rise@0.000ns fall@5.000ns period=10.000ns})
  Path Group:             sys_clk_pin
  Path Type:              Setup (Max at Slow Process Corner)
  Requirement:            10.000ns  (sys_clk_pin rise@10.000ns - sys_clk_pin rise@0.000ns)
  Data Path Delay:        8.927ns  (logic 2.733ns (30.614%)  route 6.194ns (69.386%))
  Logic Levels:           9  (LUT2=1 LUT4=1 LUT5=1 LUT6=3 MUXF7=3)
  Clock Path Skew:        -0.105ns (DCD - SCD + CPR)
    Destination Clock Delay (DCD):    4.791ns = ( 14.791 - 10.000 ) 
    Source Clock Delay      (SCD):    5.156ns
    Clock Pessimism Removal (CPR):    0.260ns
  Clock Uncertainty:      0.035ns  ((TSJ^2 + TIJ^2)^1/2 + DJ) / 2 + PE
    Total System Jitter     (TSJ):    0.071ns
    Total Input Jitter      (TIJ):    0.000ns
    Discrete Jitter          (DJ):    0.000ns
    Phase Error              (PE):    0.000ns

    Location             Delay type                Incr(ns)  Path(ns)    Netlist Resource(s)
  -------------------------------------------------------------------    -------------------
                         (clock sys_clk_pin rise edge)
                                                      0.000     0.000 r  
    W5                                                0.000     0.000 r  clk (IN)
                         net (fo=0)                   0.000     0.000    clk
    W5                   IBUF (Prop_ibuf_I_O)         1.458     1.458 r  clk_IBUF_inst/O
                         net (fo=1, routed)           1.967     3.425    clk_IBUF
    BUFGCTRL_X0Y0        BUFG (Prop_bufg_I_O)         0.096     3.521 r  clk_IBUF_BUFG_inst/O
                         net (fo=531, routed)         1.635     5.156    laby_top/laby_inst/clk_IBUF_BUFG
    SLICE_X6Y4           FDRE                                         r  laby_top/laby_inst/cellule_courante_reg[1]_rep__0/C
  -------------------------------------------------------------------    -------------------
    SLICE_X6Y4           FDRE (Prop_fdre_C_Q)         0.518     5.674 r  laby_top/laby_inst/cellule_courante_reg[1]_rep__0/Q
                         net (fo=65, routed)          1.114     6.789    laby_top/laby_inst/cellule_courante_reg[1]_rep__0_n_0
    SLICE_X4Y6           LUT2 (Prop_lut2_I1_O)        0.153     6.942 r  laby_top/laby_inst/FSM_sequential_etat[0]_i_305/O
                         net (fo=32, routed)          1.063     8.004    laby_top/laby_inst/FSM_sequential_etat[0]_i_305_n_0
    SLICE_X12Y3          MUXF7 (Prop_muxf7_S_O)       0.495     8.499 r  laby_top/laby_inst/FSM_sequential_etat_reg[0]_i_219/O
                         net (fo=1, routed)           0.569     9.069    laby_top/laby_inst/FSM_sequential_etat_reg[0]_i_219_n_0
    SLICE_X12Y4          LUT5 (Prop_lut5_I3_O)        0.297     9.366 r  laby_top/laby_inst/FSM_sequential_etat[0]_i_101/O
                         net (fo=1, routed)           1.040    10.406    laby_top/laby_inst/FSM_sequential_etat[0]_i_101_n_0
    SLICE_X6Y9           LUT6 (Prop_lut6_I1_O)        0.124    10.530 r  laby_top/laby_inst/FSM_sequential_etat[0]_i_40/O
                         net (fo=1, routed)           0.000    10.530    laby_top/laby_inst/FSM_sequential_etat[0]_i_40_n_0
    SLICE_X6Y9           MUXF7 (Prop_muxf7_I1_O)      0.214    10.744 r  laby_top/laby_inst/FSM_sequential_etat_reg[0]_i_18/O
                         net (fo=2, routed)           0.713    11.457    laby_top/laby_inst/FSM_sequential_etat_reg[0]_i_18_n_0
    SLICE_X5Y12          LUT6 (Prop_lut6_I3_O)        0.297    11.754 f  laby_top/laby_inst/liste_addr_w[8]_i_7/O
                         net (fo=1, routed)           0.000    11.754    laby_top/laby_inst/liste_addr_w[8]_i_7_n_0
    SLICE_X5Y12          MUXF7 (Prop_muxf7_I0_O)      0.212    11.966 f  laby_top/laby_inst/liste_addr_w_reg[8]_i_5/O
                         net (fo=1, routed)           0.299    12.265    laby_top/laby_inst/liste_addr_w_reg[8]_i_5_n_0
    SLICE_X5Y10          LUT6 (Prop_lut6_I1_O)        0.299    12.564 r  laby_top/laby_inst/liste_addr_w[8]_i_4/O
                         net (fo=1, routed)           0.665    13.229    laby_top/laby_inst/liste_addr_w[8]_i_4_n_0
    SLICE_X5Y3           LUT4 (Prop_lut4_I2_O)        0.124    13.353 r  laby_top/laby_inst/liste_addr_w[8]_i_1/O
                         net (fo=19, routed)          0.730    14.083    laby_top/laby_inst/liste_addr_w[8]_i_1_n_0
    SLICE_X8Y3           FDRE                                         r  laby_top/laby_inst/liste_addr_w_reg[6]/CE
  -------------------------------------------------------------------    -------------------

                         (clock sys_clk_pin rise edge)
                                                     10.000    10.000 r  
    W5                                                0.000    10.000 r  clk (IN)
                         net (fo=0)                   0.000    10.000    clk
    W5                   IBUF (Prop_ibuf_I_O)         1.388    11.388 r  clk_IBUF_inst/O
                         net (fo=1, routed)           1.862    13.250    clk_IBUF
    BUFGCTRL_X0Y0        BUFG (Prop_bufg_I_O)         0.091    13.341 r  clk_IBUF_BUFG_inst/O
                         net (fo=531, routed)         1.450    14.791    laby_top/laby_inst/clk_IBUF_BUFG
    SLICE_X8Y3           FDRE                                         r  laby_top/laby_inst/liste_addr_w_reg[6]/C
                         clock pessimism              0.260    15.051    
                         clock uncertainty           -0.035    15.016    
    SLICE_X8Y3           FDRE (Setup_fdre_C_CE)      -0.169    14.847    laby_top/laby_inst/liste_addr_w_reg[6]
  -------------------------------------------------------------------
                         required time                         14.847    
                         arrival time                         -14.083    
  -------------------------------------------------------------------
                         slack                                  0.763    

Slack (MET) :             0.763ns  (required time - arrival time)
  Source:                 laby_top/laby_inst/cellule_courante_reg[1]_rep__0/C
                            (rising edge-triggered cell FDRE clocked by sys_clk_pin  {rise@0.000ns fall@5.000ns period=10.000ns})
  Destination:            laby_top/laby_inst/liste_addr_w_reg[7]/CE
                            (rising edge-triggered cell FDRE clocked by sys_clk_pin  {rise@0.000ns fall@5.000ns period=10.000ns})
  Path Group:             sys_clk_pin
  Path Type:              Setup (Max at Slow Process Corner)
  Requirement:            10.000ns  (sys_clk_pin rise@10.000ns - sys_clk_pin rise@0.000ns)
  Data Path Delay:        8.927ns  (logic 2.733ns (30.614%)  route 6.194ns (69.386%))
  Logic Levels:           9  (LUT2=1 LUT4=1 LUT5=1 LUT6=3 MUXF7=3)
  Clock Path Skew:        -0.105ns (DCD - SCD + CPR)
    Destination Clock Delay (DCD):    4.791ns = ( 14.791 - 10.000 ) 
    Source Clock Delay      (SCD):    5.156ns
    Clock Pessimism Removal (CPR):    0.260ns
  Clock Uncertainty:      0.035ns  ((TSJ^2 + TIJ^2)^1/2 + DJ) / 2 + PE
    Total System Jitter     (TSJ):    0.071ns
    Total Input Jitter      (TIJ):    0.000ns
    Discrete Jitter          (DJ):    0.000ns
    Phase Error              (PE):    0.000ns

    Location             Delay type                Incr(ns)  Path(ns)    Netlist Resource(s)
  -------------------------------------------------------------------    -------------------
                         (clock sys_clk_pin rise edge)
                                                      0.000     0.000 r  
    W5                                                0.000     0.000 r  clk (IN)
                         net (fo=0)                   0.000     0.000    clk
    W5                   IBUF (Prop_ibuf_I_O)         1.458     1.458 r  clk_IBUF_inst/O
                         net (fo=1, routed)           1.967     3.425    clk_IBUF
    BUFGCTRL_X0Y0        BUFG (Prop_bufg_I_O)         0.096     3.521 r  clk_IBUF_BUFG_inst/O
                         net (fo=531, routed)         1.635     5.156    laby_top/laby_inst/clk_IBUF_BUFG
    SLICE_X6Y4           FDRE                                         r  laby_top/laby_inst/cellule_courante_reg[1]_rep__0/C
  -------------------------------------------------------------------    -------------------
    SLICE_X6Y4           FDRE (Prop_fdre_C_Q)         0.518     5.674 r  laby_top/laby_inst/cellule_courante_reg[1]_rep__0/Q
                         net (fo=65, routed)          1.114     6.789    laby_top/laby_inst/cellule_courante_reg[1]_rep__0_n_0
    SLICE_X4Y6           LUT2 (Prop_lut2_I1_O)        0.153     6.942 r  laby_top/laby_inst/FSM_sequential_etat[0]_i_305/O
                         net (fo=32, routed)          1.063     8.004    laby_top/laby_inst/FSM_sequential_etat[0]_i_305_n_0
    SLICE_X12Y3          MUXF7 (Prop_muxf7_S_O)       0.495     8.499 r  laby_top/laby_inst/FSM_sequential_etat_reg[0]_i_219/O
                         net (fo=1, routed)           0.569     9.069    laby_top/laby_inst/FSM_sequential_etat_reg[0]_i_219_n_0
    SLICE_X12Y4          LUT5 (Prop_lut5_I3_O)        0.297     9.366 r  laby_top/laby_inst/FSM_sequential_etat[0]_i_101/O
                         net (fo=1, routed)           1.040    10.406    laby_top/laby_inst/FSM_sequential_etat[0]_i_101_n_0
    SLICE_X6Y9           LUT6 (Prop_lut6_I1_O)        0.124    10.530 r  laby_top/laby_inst/FSM_sequential_etat[0]_i_40/O
                         net (fo=1, routed)           0.000    10.530    laby_top/laby_inst/FSM_sequential_etat[0]_i_40_n_0
    SLICE_X6Y9           MUXF7 (Prop_muxf7_I1_O)      0.214    10.744 r  laby_top/laby_inst/FSM_sequential_etat_reg[0]_i_18/O
                         net (fo=2, routed)           0.713    11.457    laby_top/laby_inst/FSM_sequential_etat_reg[0]_i_18_n_0
    SLICE_X5Y12          LUT6 (Prop_lut6_I3_O)        0.297    11.754 f  laby_top/laby_inst/liste_addr_w[8]_i_7/O
                         net (fo=1, routed)           0.000    11.754    laby_top/laby_inst/liste_addr_w[8]_i_7_n_0
    SLICE_X5Y12          MUXF7 (Prop_muxf7_I0_O)      0.212    11.966 f  laby_top/laby_inst/liste_addr_w_reg[8]_i_5/O
                         net (fo=1, routed)           0.299    12.265    laby_top/laby_inst/liste_addr_w_reg[8]_i_5_n_0
    SLICE_X5Y10          LUT6 (Prop_lut6_I1_O)        0.299    12.564 r  laby_top/laby_inst/liste_addr_w[8]_i_4/O
                         net (fo=1, routed)           0.665    13.229    laby_top/laby_inst/liste_addr_w[8]_i_4_n_0
    SLICE_X5Y3           LUT4 (Prop_lut4_I2_O)        0.124    13.353 r  laby_top/laby_inst/liste_addr_w[8]_i_1/O
                         net (fo=19, routed)          0.730    14.083    laby_top/laby_inst/liste_addr_w[8]_i_1_n_0
    SLICE_X8Y3           FDRE                                         r  laby_top/laby_inst/liste_addr_w_reg[7]/CE
  -------------------------------------------------------------------    -------------------

                         (clock sys_clk_pin rise edge)
                                                     10.000    10.000 r  
    W5                                                0.000    10.000 r  clk (IN)
                         net (fo=0)                   0.000    10.000    clk
    W5                   IBUF (Prop_ibuf_I_O)         1.388    11.388 r  clk_IBUF_inst/O
                         net (fo=1, routed)           1.862    13.250    clk_IBUF
    BUFGCTRL_X0Y0        BUFG (Prop_bufg_I_O)         0.091    13.341 r  clk_IBUF_BUFG_inst/O
                         net (fo=531, routed)         1.450    14.791    laby_top/laby_inst/clk_IBUF_BUFG
    SLICE_X8Y3           FDRE                                         r  laby_top/laby_inst/liste_addr_w_reg[7]/C
                         clock pessimism              0.260    15.051    
                         clock uncertainty           -0.035    15.016    
    SLICE_X8Y3           FDRE (Setup_fdre_C_CE)      -0.169    14.847    laby_top/laby_inst/liste_addr_w_reg[7]
  -------------------------------------------------------------------
                         required time                         14.847    
                         arrival time                         -14.083    
  -------------------------------------------------------------------
                         slack                                  0.763    

Slack (MET) :             0.849ns  (required time - arrival time)
  Source:                 laby_top/laby_inst/cellule_courante_reg[1]_rep__0/C
                            (rising edge-triggered cell FDRE clocked by sys_clk_pin  {rise@0.000ns fall@5.000ns period=10.000ns})
  Destination:            laby_top/laby_inst/liste_addr_w_reg[8]/CE
                            (rising edge-triggered cell FDRE clocked by sys_clk_pin  {rise@0.000ns fall@5.000ns period=10.000ns})
  Path Group:             sys_clk_pin
  Path Type:              Setup (Max at Slow Process Corner)
  Requirement:            10.000ns  (sys_clk_pin rise@10.000ns - sys_clk_pin rise@0.000ns)
  Data Path Delay:        8.842ns  (logic 2.733ns (30.909%)  route 6.109ns (69.091%))
  Logic Levels:           9  (LUT2=1 LUT4=1 LUT5=1 LUT6=3 MUXF7=3)
  Clock Path Skew:        -0.104ns (DCD - SCD + CPR)
    Destination Clock Delay (DCD):    4.792ns = ( 14.792 - 10.000 ) 
    Source Clock Delay      (SCD):    5.156ns
    Clock Pessimism Removal (CPR):    0.260ns
  Clock Uncertainty:      0.035ns  ((TSJ^2 + TIJ^2)^1/2 + DJ) / 2 + PE
    Total System Jitter     (TSJ):    0.071ns
    Total Input Jitter      (TIJ):    0.000ns
    Discrete Jitter          (DJ):    0.000ns
    Phase Error              (PE):    0.000ns

    Location             Delay type                Incr(ns)  Path(ns)    Netlist Resource(s)
  -------------------------------------------------------------------    -------------------
                         (clock sys_clk_pin rise edge)
                                                      0.000     0.000 r  
    W5                                                0.000     0.000 r  clk (IN)
                         net (fo=0)                   0.000     0.000    clk
    W5                   IBUF (Prop_ibuf_I_O)         1.458     1.458 r  clk_IBUF_inst/O
                         net (fo=1, routed)           1.967     3.425    clk_IBUF
    BUFGCTRL_X0Y0        BUFG (Prop_bufg_I_O)         0.096     3.521 r  clk_IBUF_BUFG_inst/O
                         net (fo=531, routed)         1.635     5.156    laby_top/laby_inst/clk_IBUF_BUFG
    SLICE_X6Y4           FDRE                                         r  laby_top/laby_inst/cellule_courante_reg[1]_rep__0/C
  -------------------------------------------------------------------    -------------------
    SLICE_X6Y4           FDRE (Prop_fdre_C_Q)         0.518     5.674 r  laby_top/laby_inst/cellule_courante_reg[1]_rep__0/Q
                         net (fo=65, routed)          1.114     6.789    laby_top/laby_inst/cellule_courante_reg[1]_rep__0_n_0
    SLICE_X4Y6           LUT2 (Prop_lut2_I1_O)        0.153     6.942 r  laby_top/laby_inst/FSM_sequential_etat[0]_i_305/O
                         net (fo=32, routed)          1.063     8.004    laby_top/laby_inst/FSM_sequential_etat[0]_i_305_n_0
    SLICE_X12Y3          MUXF7 (Prop_muxf7_S_O)       0.495     8.499 r  laby_top/laby_inst/FSM_sequential_etat_reg[0]_i_219/O
                         net (fo=1, routed)           0.569     9.069    laby_top/laby_inst/FSM_sequential_etat_reg[0]_i_219_n_0
    SLICE_X12Y4          LUT5 (Prop_lut5_I3_O)        0.297     9.366 r  laby_top/laby_inst/FSM_sequential_etat[0]_i_101/O
                         net (fo=1, routed)           1.040    10.406    laby_top/laby_inst/FSM_sequential_etat[0]_i_101_n_0
    SLICE_X6Y9           LUT6 (Prop_lut6_I1_O)        0.124    10.530 r  laby_top/laby_inst/FSM_sequential_etat[0]_i_40/O
                         net (fo=1, routed)           0.000    10.530    laby_top/laby_inst/FSM_sequential_etat[0]_i_40_n_0
    SLICE_X6Y9           MUXF7 (Prop_muxf7_I1_O)      0.214    10.744 r  laby_top/laby_inst/FSM_sequential_etat_reg[0]_i_18/O
                         net (fo=2, routed)           0.713    11.457    laby_top/laby_inst/FSM_sequential_etat_reg[0]_i_18_n_0
    SLICE_X5Y12          LUT6 (Prop_lut6_I3_O)        0.297    11.754 f  laby_top/laby_inst/liste_addr_w[8]_i_7/O
                         net (fo=1, routed)           0.000    11.754    laby_top/laby_inst/liste_addr_w[8]_i_7_n_0
    SLICE_X5Y12          MUXF7 (Prop_muxf7_I0_O)      0.212    11.966 f  laby_top/laby_inst/liste_addr_w_reg[8]_i_5/O
                         net (fo=1, routed)           0.299    12.265    laby_top/laby_inst/liste_addr_w_reg[8]_i_5_n_0
    SLICE_X5Y10          LUT6 (Prop_lut6_I1_O)        0.299    12.564 r  laby_top/laby_inst/liste_addr_w[8]_i_4/O
                         net (fo=1, routed)           0.665    13.229    laby_top/laby_inst/liste_addr_w[8]_i_4_n_0
    SLICE_X5Y3           LUT4 (Prop_lut4_I2_O)        0.124    13.353 r  laby_top/laby_inst/liste_addr_w[8]_i_1/O
                         net (fo=19, routed)          0.646    13.998    laby_top/laby_inst/liste_addr_w[8]_i_1_n_0
    SLICE_X8Y0           FDRE                                         r  laby_top/laby_inst/liste_addr_w_reg[8]/CE
  -------------------------------------------------------------------    -------------------

                         (clock sys_clk_pin rise edge)
                                                     10.000    10.000 r  
    W5                                                0.000    10.000 r  clk (IN)
                         net (fo=0)                   0.000    10.000    clk
    W5                   IBUF (Prop_ibuf_I_O)         1.388    11.388 r  clk_IBUF_inst/O
                         net (fo=1, routed)           1.862    13.250    clk_IBUF
    BUFGCTRL_X0Y0        BUFG (Prop_bufg_I_O)         0.091    13.341 r  clk_IBUF_BUFG_inst/O
                         net (fo=531, routed)         1.451    14.792    laby_top/laby_inst/clk_IBUF_BUFG
    SLICE_X8Y0           FDRE                                         r  laby_top/laby_inst/liste_addr_w_reg[8]/C
                         clock pessimism              0.260    15.052    
                         clock uncertainty           -0.035    15.017    
    SLICE_X8Y0           FDRE (Setup_fdre_C_CE)      -0.169    14.848    laby_top/laby_inst/liste_addr_w_reg[8]
  -------------------------------------------------------------------
                         required time                         14.848    
                         arrival time                         -13.998    
  -------------------------------------------------------------------
                         slack                                  0.849    

Slack (MET) :             0.849ns  (required time - arrival time)
  Source:                 laby_top/laby_inst/cellule_courante_reg[1]_rep__0/C
                            (rising edge-triggered cell FDRE clocked by sys_clk_pin  {rise@0.000ns fall@5.000ns period=10.000ns})
  Destination:            laby_top/laby_inst/liste_din_reg[2]/CE
                            (rising edge-triggered cell FDRE clocked by sys_clk_pin  {rise@0.000ns fall@5.000ns period=10.000ns})
  Path Group:             sys_clk_pin
  Path Type:              Setup (Max at Slow Process Corner)
  Requirement:            10.000ns  (sys_clk_pin rise@10.000ns - sys_clk_pin rise@0.000ns)
  Data Path Delay:        8.842ns  (logic 2.733ns (30.909%)  route 6.109ns (69.091%))
  Logic Levels:           9  (LUT2=1 LUT4=1 LUT5=1 LUT6=3 MUXF7=3)
  Clock Path Skew:        -0.104ns (DCD - SCD + CPR)
    Destination Clock Delay (DCD):    4.792ns = ( 14.792 - 10.000 ) 
    Source Clock Delay      (SCD):    5.156ns
    Clock Pessimism Removal (CPR):    0.260ns
  Clock Uncertainty:      0.035ns  ((TSJ^2 + TIJ^2)^1/2 + DJ) / 2 + PE
    Total System Jitter     (TSJ):    0.071ns
    Total Input Jitter      (TIJ):    0.000ns
    Discrete Jitter          (DJ):    0.000ns
    Phase Error              (PE):    0.000ns

    Location             Delay type                Incr(ns)  Path(ns)    Netlist Resource(s)
  -------------------------------------------------------------------    -------------------
                         (clock sys_clk_pin rise edge)
                                                      0.000     0.000 r  
    W5                                                0.000     0.000 r  clk (IN)
                         net (fo=0)                   0.000     0.000    clk
    W5                   IBUF (Prop_ibuf_I_O)         1.458     1.458 r  clk_IBUF_inst/O
                         net (fo=1, routed)           1.967     3.425    clk_IBUF
    BUFGCTRL_X0Y0        BUFG (Prop_bufg_I_O)         0.096     3.521 r  clk_IBUF_BUFG_inst/O
                         net (fo=531, routed)         1.635     5.156    laby_top/laby_inst/clk_IBUF_BUFG
    SLICE_X6Y4           FDRE                                         r  laby_top/laby_inst/cellule_courante_reg[1]_rep__0/C
  -------------------------------------------------------------------    -------------------
    SLICE_X6Y4           FDRE (Prop_fdre_C_Q)         0.518     5.674 r  laby_top/laby_inst/cellule_courante_reg[1]_rep__0/Q
                         net (fo=65, routed)          1.114     6.789    laby_top/laby_inst/cellule_courante_reg[1]_rep__0_n_0
    SLICE_X4Y6           LUT2 (Prop_lut2_I1_O)        0.153     6.942 r  laby_top/laby_inst/FSM_sequential_etat[0]_i_305/O
                         net (fo=32, routed)          1.063     8.004    laby_top/laby_inst/FSM_sequential_etat[0]_i_305_n_0
    SLICE_X12Y3          MUXF7 (Prop_muxf7_S_O)       0.495     8.499 r  laby_top/laby_inst/FSM_sequential_etat_reg[0]_i_219/O
                         net (fo=1, routed)           0.569     9.069    laby_top/laby_inst/FSM_sequential_etat_reg[0]_i_219_n_0
    SLICE_X12Y4          LUT5 (Prop_lut5_I3_O)        0.297     9.366 r  laby_top/laby_inst/FSM_sequential_etat[0]_i_101/O
                         net (fo=1, routed)           1.040    10.406    laby_top/laby_inst/FSM_sequential_etat[0]_i_101_n_0
    SLICE_X6Y9           LUT6 (Prop_lut6_I1_O)        0.124    10.530 r  laby_top/laby_inst/FSM_sequential_etat[0]_i_40/O
                         net (fo=1, routed)           0.000    10.530    laby_top/laby_inst/FSM_sequential_etat[0]_i_40_n_0
    SLICE_X6Y9           MUXF7 (Prop_muxf7_I1_O)      0.214    10.744 r  laby_top/laby_inst/FSM_sequential_etat_reg[0]_i_18/O
                         net (fo=2, routed)           0.713    11.457    laby_top/laby_inst/FSM_sequential_etat_reg[0]_i_18_n_0
    SLICE_X5Y12          LUT6 (Prop_lut6_I3_O)        0.297    11.754 f  laby_top/laby_inst/liste_addr_w[8]_i_7/O
                         net (fo=1, routed)           0.000    11.754    laby_top/laby_inst/liste_addr_w[8]_i_7_n_0
    SLICE_X5Y12          MUXF7 (Prop_muxf7_I0_O)      0.212    11.966 f  laby_top/laby_inst/liste_addr_w_reg[8]_i_5/O
                         net (fo=1, routed)           0.299    12.265    laby_top/laby_inst/liste_addr_w_reg[8]_i_5_n_0
    SLICE_X5Y10          LUT6 (Prop_lut6_I1_O)        0.299    12.564 r  laby_top/laby_inst/liste_addr_w[8]_i_4/O
                         net (fo=1, routed)           0.665    13.229    laby_top/laby_inst/liste_addr_w[8]_i_4_n_0
    SLICE_X5Y3           LUT4 (Prop_lut4_I2_O)        0.124    13.353 r  laby_top/laby_inst/liste_addr_w[8]_i_1/O
                         net (fo=19, routed)          0.646    13.998    laby_top/laby_inst/liste_addr_w[8]_i_1_n_0
    SLICE_X8Y0           FDRE                                         r  laby_top/laby_inst/liste_din_reg[2]/CE
  -------------------------------------------------------------------    -------------------

                         (clock sys_clk_pin rise edge)
                                                     10.000    10.000 r  
    W5                                                0.000    10.000 r  clk (IN)
                         net (fo=0)                   0.000    10.000    clk
    W5                   IBUF (Prop_ibuf_I_O)         1.388    11.388 r  clk_IBUF_inst/O
                         net (fo=1, routed)           1.862    13.250    clk_IBUF
    BUFGCTRL_X0Y0        BUFG (Prop_bufg_I_O)         0.091    13.341 r  clk_IBUF_BUFG_inst/O
                         net (fo=531, routed)         1.451    14.792    laby_top/laby_inst/clk_IBUF_BUFG
    SLICE_X8Y0           FDRE                                         r  laby_top/laby_inst/liste_din_reg[2]/C
                         clock pessimism              0.260    15.052    
                         clock uncertainty           -0.035    15.017    
    SLICE_X8Y0           FDRE (Setup_fdre_C_CE)      -0.169    14.848    laby_top/laby_inst/liste_din_reg[2]
  -------------------------------------------------------------------
                         required time                         14.848    
                         arrival time                         -13.998    
  -------------------------------------------------------------------
                         slack                                  0.849    





Min Delay Paths
--------------------------------------------------------------------------------------
Slack (MET) :             0.069ns  (arrival time - required time)
  Source:                 laby_top/laby_inst/liste_addr_r_reg[6]/C
                            (rising edge-triggered cell FDRE clocked by sys_clk_pin  {rise@0.000ns fall@5.000ns period=10.000ns})
  Destination:            laby_top/laby_inst/liste_inst/liste_mem_reg/ADDRBWRADDR[10]
                            (rising edge-triggered cell RAMB18E1 clocked by sys_clk_pin  {rise@0.000ns fall@5.000ns period=10.000ns})
  Path Group:             sys_clk_pin
  Path Type:              Hold (Min at Fast Process Corner)
  Requirement:            0.000ns  (sys_clk_pin rise@0.000ns - sys_clk_pin rise@0.000ns)
  Data Path Delay:        0.311ns  (logic 0.164ns (52.747%)  route 0.147ns (47.253%))
  Logic Levels:           0  
  Clock Path Skew:        0.058ns (DCD - SCD - CPR)
    Destination Clock Delay (DCD):    2.007ns
    Source Clock Delay      (SCD):    1.450ns
    Clock Pessimism Removal (CPR):    0.498ns

    Location             Delay type                Incr(ns)  Path(ns)    Netlist Resource(s)
  -------------------------------------------------------------------    -------------------
                         (clock sys_clk_pin rise edge)
                                                      0.000     0.000 r  
    W5                                                0.000     0.000 r  clk (IN)
                         net (fo=0)                   0.000     0.000    clk
    W5                   IBUF (Prop_ibuf_I_O)         0.226     0.226 r  clk_IBUF_inst/O
                         net (fo=1, routed)           0.631     0.858    clk_IBUF
    BUFGCTRL_X0Y0        BUFG (Prop_bufg_I_O)         0.026     0.884 r  clk_IBUF_BUFG_inst/O
                         net (fo=531, routed)         0.567     1.450    laby_top/laby_inst/clk_IBUF_BUFG
    SLICE_X8Y2           FDRE                                         r  laby_top/laby_inst/liste_addr_r_reg[6]/C
  -------------------------------------------------------------------    -------------------
    SLICE_X8Y2           FDRE (Prop_fdre_C_Q)         0.164     1.614 r  laby_top/laby_inst/liste_addr_r_reg[6]/Q
                         net (fo=1, routed)           0.147     1.761    laby_top/laby_inst/liste_inst/liste_mem_reg_1[6]
    RAMB18_X0Y0          RAMB18E1                                     r  laby_top/laby_inst/liste_inst/liste_mem_reg/ADDRBWRADDR[10]
  -------------------------------------------------------------------    -------------------

                         (clock sys_clk_pin rise edge)
                                                      0.000     0.000 r  
    W5                                                0.000     0.000 r  clk (IN)
                         net (fo=0)                   0.000     0.000    clk
    W5                   IBUF (Prop_ibuf_I_O)         0.414     0.414 r  clk_IBUF_inst/O
                         net (fo=1, routed)           0.685     1.099    clk_IBUF
    BUFGCTRL_X0Y0        BUFG (Prop_bufg_I_O)         0.029     1.128 r  clk_IBUF_BUFG_inst/O
                         net (fo=531, routed)         0.879     2.007    laby_top/laby_inst/liste_inst/clk_IBUF_BUFG
    RAMB18_X0Y0          RAMB18E1                                     r  laby_top/laby_inst/liste_inst/liste_mem_reg/CLKBWRCLK
                         clock pessimism             -0.498     1.509    
    RAMB18_X0Y0          RAMB18E1 (Hold_ramb18e1_CLKBWRCLK_ADDRBWRADDR[10])
                                                      0.183     1.692    laby_top/laby_inst/liste_inst/liste_mem_reg
  -------------------------------------------------------------------
                         required time                         -1.692    
                         arrival time                           1.761    
  -------------------------------------------------------------------
                         slack                                  0.069    

Slack (MET) :             0.070ns  (arrival time - required time)
  Source:                 laby_top/laby_inst/liste_addr_w_reg[2]/C
                            (rising edge-triggered cell FDRE clocked by sys_clk_pin  {rise@0.000ns fall@5.000ns period=10.000ns})
  Destination:            laby_top/laby_inst/liste_inst/liste_mem_reg/ADDRARDADDR[6]
                            (rising edge-triggered cell RAMB18E1 clocked by sys_clk_pin  {rise@0.000ns fall@5.000ns period=10.000ns})
  Path Group:             sys_clk_pin
  Path Type:              Hold (Min at Fast Process Corner)
  Requirement:            0.000ns  (sys_clk_pin rise@0.000ns - sys_clk_pin rise@0.000ns)
  Data Path Delay:        0.312ns  (logic 0.164ns (52.619%)  route 0.148ns (47.381%))
  Logic Levels:           0  
  Clock Path Skew:        0.058ns (DCD - SCD - CPR)
    Destination Clock Delay (DCD):    2.006ns
    Source Clock Delay      (SCD):    1.449ns
    Clock Pessimism Removal (CPR):    0.498ns

    Location             Delay type                Incr(ns)  Path(ns)    Netlist Resource(s)
  -------------------------------------------------------------------    -------------------
                         (clock sys_clk_pin rise edge)
                                                      0.000     0.000 r  
    W5                                                0.000     0.000 r  clk (IN)
                         net (fo=0)                   0.000     0.000    clk
    W5                   IBUF (Prop_ibuf_I_O)         0.226     0.226 r  clk_IBUF_inst/O
                         net (fo=1, routed)           0.631     0.858    clk_IBUF
    BUFGCTRL_X0Y0        BUFG (Prop_bufg_I_O)         0.026     0.884 r  clk_IBUF_BUFG_inst/O
                         net (fo=531, routed)         0.566     1.449    laby_top/laby_inst/clk_IBUF_BUFG
    SLICE_X8Y3           FDRE                                         r  laby_top/laby_inst/liste_addr_w_reg[2]/C
  -------------------------------------------------------------------    -------------------
    SLICE_X8Y3           FDRE (Prop_fdre_C_Q)         0.164     1.613 r  laby_top/laby_inst/liste_addr_w_reg[2]/Q
                         net (fo=1, routed)           0.148     1.761    laby_top/laby_inst/liste_inst/Q[2]
    RAMB18_X0Y0          RAMB18E1                                     r  laby_top/laby_inst/liste_inst/liste_mem_reg/ADDRARDADDR[6]
  -------------------------------------------------------------------    -------------------

                         (clock sys_clk_pin rise edge)
                                                      0.000     0.000 r  
    W5                                                0.000     0.000 r  clk (IN)
                         net (fo=0)                   0.000     0.000    clk
    W5                   IBUF (Prop_ibuf_I_O)         0.414     0.414 r  clk_IBUF_inst/O
                         net (fo=1, routed)           0.685     1.099    clk_IBUF
    BUFGCTRL_X0Y0        BUFG (Prop_bufg_I_O)         0.029     1.128 r  clk_IBUF_BUFG_inst/O
                         net (fo=531, routed)         0.878     2.006    laby_top/laby_inst/liste_inst/clk_IBUF_BUFG
    RAMB18_X0Y0          RAMB18E1                                     r  laby_top/laby_inst/liste_inst/liste_mem_reg/CLKARDCLK
                         clock pessimism             -0.498     1.508    
    RAMB18_X0Y0          RAMB18E1 (Hold_ramb18e1_CLKARDCLK_ADDRARDADDR[6])
                                                      0.183     1.691    laby_top/laby_inst/liste_inst/liste_mem_reg
  -------------------------------------------------------------------
                         required time                         -1.691    
                         arrival time                           1.761    
  -------------------------------------------------------------------
                         slack                                  0.070    

Slack (MET) :             0.072ns  (arrival time - required time)
  Source:                 laby_top/laby_inst/liste_addr_w_reg[4]/C
                            (rising edge-triggered cell FDRE clocked by sys_clk_pin  {rise@0.000ns fall@5.000ns period=10.000ns})
  Destination:            laby_top/laby_inst/liste_inst/liste_mem_reg/ADDRARDADDR[8]
                            (rising edge-triggered cell RAMB18E1 clocked by sys_clk_pin  {rise@0.000ns fall@5.000ns period=10.000ns})
  Path Group:             sys_clk_pin
  Path Type:              Hold (Min at Fast Process Corner)
  Requirement:            0.000ns  (sys_clk_pin rise@0.000ns - sys_clk_pin rise@0.000ns)
  Data Path Delay:        0.313ns  (logic 0.164ns (52.357%)  route 0.149ns (47.643%))
  Logic Levels:           0  
  Clock Path Skew:        0.058ns (DCD - SCD - CPR)
    Destination Clock Delay (DCD):    2.006ns
    Source Clock Delay      (SCD):    1.449ns
    Clock Pessimism Removal (CPR):    0.498ns

    Location             Delay type                Incr(ns)  Path(ns)    Netlist Resource(s)
  -------------------------------------------------------------------    -------------------
                         (clock sys_clk_pin rise edge)
                                                      0.000     0.000 r  
    W5                                                0.000     0.000 r  clk (IN)
                         net (fo=0)                   0.000     0.000    clk
    W5                   IBUF (Prop_ibuf_I_O)         0.226     0.226 r  clk_IBUF_inst/O
                         net (fo=1, routed)           0.631     0.858    clk_IBUF
    BUFGCTRL_X0Y0        BUFG (Prop_bufg_I_O)         0.026     0.884 r  clk_IBUF_BUFG_inst/O
                         net (fo=531, routed)         0.566     1.449    laby_top/laby_inst/clk_IBUF_BUFG
    SLICE_X8Y3           FDRE                                         r  laby_top/laby_inst/liste_addr_w_reg[4]/C
  -------------------------------------------------------------------    -------------------
    SLICE_X8Y3           FDRE (Prop_fdre_C_Q)         0.164     1.613 r  laby_top/laby_inst/liste_addr_w_reg[4]/Q
                         net (fo=1, routed)           0.149     1.762    laby_top/laby_inst/liste_inst/Q[4]
    RAMB18_X0Y0          RAMB18E1                                     r  laby_top/laby_inst/liste_inst/liste_mem_reg/ADDRARDADDR[8]
  -------------------------------------------------------------------    -------------------

                         (clock sys_clk_pin rise edge)
                                                      0.000     0.000 r  
    W5                                                0.000     0.000 r  clk (IN)
                         net (fo=0)                   0.000     0.000    clk
    W5                   IBUF (Prop_ibuf_I_O)         0.414     0.414 r  clk_IBUF_inst/O
                         net (fo=1, routed)           0.685     1.099    clk_IBUF
    BUFGCTRL_X0Y0        BUFG (Prop_bufg_I_O)         0.029     1.128 r  clk_IBUF_BUFG_inst/O
                         net (fo=531, routed)         0.878     2.006    laby_top/laby_inst/liste_inst/clk_IBUF_BUFG
    RAMB18_X0Y0          RAMB18E1                                     r  laby_top/laby_inst/liste_inst/liste_mem_reg/CLKARDCLK
                         clock pessimism             -0.498     1.508    
    RAMB18_X0Y0          RAMB18E1 (Hold_ramb18e1_CLKARDCLK_ADDRARDADDR[8])
                                                      0.183     1.691    laby_top/laby_inst/liste_inst/liste_mem_reg
  -------------------------------------------------------------------
                         required time                         -1.691    
                         arrival time                           1.762    
  -------------------------------------------------------------------
                         slack                                  0.072    

Slack (MET) :             0.089ns  (arrival time - required time)
  Source:                 laby_top/laby_inst/liste_din_reg[5]/C
                            (rising edge-triggered cell FDRE clocked by sys_clk_pin  {rise@0.000ns fall@5.000ns period=10.000ns})
  Destination:            laby_top/laby_inst/liste_inst/liste_mem_reg/DIADI[5]
                            (rising edge-triggered cell RAMB18E1 clocked by sys_clk_pin  {rise@0.000ns fall@5.000ns period=10.000ns})
  Path Group:             sys_clk_pin
  Path Type:              Hold (Min at Fast Process Corner)
  Requirement:            0.000ns  (sys_clk_pin rise@0.000ns - sys_clk_pin rise@0.000ns)
  Data Path Delay:        0.303ns  (logic 0.141ns (46.547%)  route 0.162ns (53.453%))
  Logic Levels:           0  
  Clock Path Skew:        0.058ns (DCD - SCD - CPR)
    Destination Clock Delay (DCD):    2.006ns
    Source Clock Delay      (SCD):    1.449ns
    Clock Pessimism Removal (CPR):    0.498ns

    Location             Delay type                Incr(ns)  Path(ns)    Netlist Resource(s)
  -------------------------------------------------------------------    -------------------
                         (clock sys_clk_pin rise edge)
                                                      0.000     0.000 r  
    W5                                                0.000     0.000 r  clk (IN)
                         net (fo=0)                   0.000     0.000    clk
    W5                   IBUF (Prop_ibuf_I_O)         0.226     0.226 r  clk_IBUF_inst/O
                         net (fo=1, routed)           0.631     0.858    clk_IBUF
    BUFGCTRL_X0Y0        BUFG (Prop_bufg_I_O)         0.026     0.884 r  clk_IBUF_BUFG_inst/O
                         net (fo=531, routed)         0.566     1.449    laby_top/laby_inst/clk_IBUF_BUFG
    SLICE_X9Y3           FDRE                                         r  laby_top/laby_inst/liste_din_reg[5]/C
  -------------------------------------------------------------------    -------------------
    SLICE_X9Y3           FDRE (Prop_fdre_C_Q)         0.141     1.590 r  laby_top/laby_inst/liste_din_reg[5]/Q
                         net (fo=1, routed)           0.162     1.752    laby_top/laby_inst/liste_inst/liste_mem_reg_2[5]
    RAMB18_X0Y0          RAMB18E1                                     r  laby_top/laby_inst/liste_inst/liste_mem_reg/DIADI[5]
  -------------------------------------------------------------------    -------------------

                         (clock sys_clk_pin rise edge)
                                                      0.000     0.000 r  
    W5                                                0.000     0.000 r  clk (IN)
                         net (fo=0)                   0.000     0.000    clk
    W5                   IBUF (Prop_ibuf_I_O)         0.414     0.414 r  clk_IBUF_inst/O
                         net (fo=1, routed)           0.685     1.099    clk_IBUF
    BUFGCTRL_X0Y0        BUFG (Prop_bufg_I_O)         0.029     1.128 r  clk_IBUF_BUFG_inst/O
                         net (fo=531, routed)         0.878     2.006    laby_top/laby_inst/liste_inst/clk_IBUF_BUFG
    RAMB18_X0Y0          RAMB18E1                                     r  laby_top/laby_inst/liste_inst/liste_mem_reg/CLKARDCLK
                         clock pessimism             -0.498     1.508    
    RAMB18_X0Y0          RAMB18E1 (Hold_ramb18e1_CLKARDCLK_DIADI[5])
                                                      0.155     1.663    laby_top/laby_inst/liste_inst/liste_mem_reg
  -------------------------------------------------------------------
                         required time                         -1.663    
                         arrival time                           1.752    
  -------------------------------------------------------------------
                         slack                                  0.089    

Slack (MET) :             0.094ns  (arrival time - required time)
  Source:                 laby_top/laby_inst/liste_din_reg[7]/C
                            (rising edge-triggered cell FDRE clocked by sys_clk_pin  {rise@0.000ns fall@5.000ns period=10.000ns})
  Destination:            laby_top/laby_inst/liste_inst/liste_mem_reg/DIADI[7]
                            (rising edge-triggered cell RAMB18E1 clocked by sys_clk_pin  {rise@0.000ns fall@5.000ns period=10.000ns})
  Path Group:             sys_clk_pin
  Path Type:              Hold (Min at Fast Process Corner)
  Requirement:            0.000ns  (sys_clk_pin rise@0.000ns - sys_clk_pin rise@0.000ns)
  Data Path Delay:        0.307ns  (logic 0.141ns (45.874%)  route 0.166ns (54.126%))
  Logic Levels:           0  
  Clock Path Skew:        0.058ns (DCD - SCD - CPR)
    Destination Clock Delay (DCD):    2.006ns
    Source Clock Delay      (SCD):    1.449ns
    Clock Pessimism Removal (CPR):    0.498ns

    Location             Delay type                Incr(ns)  Path(ns)    Netlist Resource(s)
  -------------------------------------------------------------------    -------------------
                         (clock sys_clk_pin rise edge)
                                                      0.000     0.000 r  
    W5                                                0.000     0.000 r  clk (IN)
                         net (fo=0)                   0.000     0.000    clk
    W5                   IBUF (Prop_ibuf_I_O)         0.226     0.226 r  clk_IBUF_inst/O
                         net (fo=1, routed)           0.631     0.858    clk_IBUF
    BUFGCTRL_X0Y0        BUFG (Prop_bufg_I_O)         0.026     0.884 r  clk_IBUF_BUFG_inst/O
                         net (fo=531, routed)         0.566     1.449    laby_top/laby_inst/clk_IBUF_BUFG
    SLICE_X9Y3           FDRE                                         r  laby_top/laby_inst/liste_din_reg[7]/C
  -------------------------------------------------------------------    -------------------
    SLICE_X9Y3           FDRE (Prop_fdre_C_Q)         0.141     1.590 r  laby_top/laby_inst/liste_din_reg[7]/Q
                         net (fo=1, routed)           0.166     1.756    laby_top/laby_inst/liste_inst/liste_mem_reg_2[7]
    RAMB18_X0Y0          RAMB18E1                                     r  laby_top/laby_inst/liste_inst/liste_mem_reg/DIADI[7]
  -------------------------------------------------------------------    -------------------

                         (clock sys_clk_pin rise edge)
                                                      0.000     0.000 r  
    W5                                                0.000     0.000 r  clk (IN)
                         net (fo=0)                   0.000     0.000    clk
    W5                   IBUF (Prop_ibuf_I_O)         0.414     0.414 r  clk_IBUF_inst/O
                         net (fo=1, routed)           0.685     1.099    clk_IBUF
    BUFGCTRL_X0Y0        BUFG (Prop_bufg_I_O)         0.029     1.128 r  clk_IBUF_BUFG_inst/O
                         net (fo=531, routed)         0.878     2.006    laby_top/laby_inst/liste_inst/clk_IBUF_BUFG
    RAMB18_X0Y0          RAMB18E1                                     r  laby_top/laby_inst/liste_inst/liste_mem_reg/CLKARDCLK
                         clock pessimism             -0.498     1.508    
    RAMB18_X0Y0          RAMB18E1 (Hold_ramb18e1_CLKARDCLK_DIADI[7])
                                                      0.155     1.663    laby_top/laby_inst/liste_inst/liste_mem_reg
  -------------------------------------------------------------------
                         required time                         -1.663    
                         arrival time                           1.756    
  -------------------------------------------------------------------
                         slack                                  0.094    

Slack (MET) :             0.113ns  (arrival time - required time)
  Source:                 laby_top/laby_inst/liste_addr_w_reg[7]/C
                            (rising edge-triggered cell FDRE clocked by sys_clk_pin  {rise@0.000ns fall@5.000ns period=10.000ns})
  Destination:            laby_top/laby_inst/liste_inst/liste_mem_reg/ADDRARDADDR[11]
                            (rising edge-triggered cell RAMB18E1 clocked by sys_clk_pin  {rise@0.000ns fall@5.000ns period=10.000ns})
  Path Group:             sys_clk_pin
  Path Type:              Hold (Min at Fast Process Corner)
  Requirement:            0.000ns  (sys_clk_pin rise@0.000ns - sys_clk_pin rise@0.000ns)
  Data Path Delay:        0.302ns  (logic 0.148ns (49.022%)  route 0.154ns (50.978%))
  Logic Levels:           0  
  Clock Path Skew:        0.058ns (DCD - SCD - CPR)
    Destination Clock Delay (DCD):    2.006ns
    Source Clock Delay      (SCD):    1.449ns
    Clock Pessimism Removal (CPR):    0.498ns

    Location             Delay type                Incr(ns)  Path(ns)    Netlist Resource(s)
  -------------------------------------------------------------------    -------------------
                         (clock sys_clk_pin rise edge)
                                                      0.000     0.000 r  
    W5                                                0.000     0.000 r  clk (IN)
                         net (fo=0)                   0.000     0.000    clk
    W5                   IBUF (Prop_ibuf_I_O)         0.226     0.226 r  clk_IBUF_inst/O
                         net (fo=1, routed)           0.631     0.858    clk_IBUF
    BUFGCTRL_X0Y0        BUFG (Prop_bufg_I_O)         0.026     0.884 r  clk_IBUF_BUFG_inst/O
                         net (fo=531, routed)         0.566     1.449    laby_top/laby_inst/clk_IBUF_BUFG
    SLICE_X8Y3           FDRE                                         r  laby_top/laby_inst/liste_addr_w_reg[7]/C
  -------------------------------------------------------------------    -------------------
    SLICE_X8Y3           FDRE (Prop_fdre_C_Q)         0.148     1.597 r  laby_top/laby_inst/liste_addr_w_reg[7]/Q
                         net (fo=1, routed)           0.154     1.751    laby_top/laby_inst/liste_inst/Q[7]
    RAMB18_X0Y0          RAMB18E1                                     r  laby_top/laby_inst/liste_inst/liste_mem_reg/ADDRARDADDR[11]
  -------------------------------------------------------------------    -------------------

                         (clock sys_clk_pin rise edge)
                                                      0.000     0.000 r  
    W5                                                0.000     0.000 r  clk (IN)
                         net (fo=0)                   0.000     0.000    clk
    W5                   IBUF (Prop_ibuf_I_O)         0.414     0.414 r  clk_IBUF_inst/O
                         net (fo=1, routed)           0.685     1.099    clk_IBUF
    BUFGCTRL_X0Y0        BUFG (Prop_bufg_I_O)         0.029     1.128 r  clk_IBUF_BUFG_inst/O
                         net (fo=531, routed)         0.878     2.006    laby_top/laby_inst/liste_inst/clk_IBUF_BUFG
    RAMB18_X0Y0          RAMB18E1                                     r  laby_top/laby_inst/liste_inst/liste_mem_reg/CLKARDCLK
                         clock pessimism             -0.498     1.508    
    RAMB18_X0Y0          RAMB18E1 (Hold_ramb18e1_CLKARDCLK_ADDRARDADDR[11])
                                                      0.130     1.638    laby_top/laby_inst/liste_inst/liste_mem_reg
  -------------------------------------------------------------------
                         required time                         -1.638    
                         arrival time                           1.751    
  -------------------------------------------------------------------
                         slack                                  0.113    

Slack (MET) :             0.123ns  (arrival time - required time)
  Source:                 laby_top/laby_inst/liste_addr_w_reg[6]/C
                            (rising edge-triggered cell FDRE clocked by sys_clk_pin  {rise@0.000ns fall@5.000ns period=10.000ns})
  Destination:            laby_top/laby_inst/liste_inst/liste_mem_reg/ADDRARDADDR[10]
                            (rising edge-triggered cell RAMB18E1 clocked by sys_clk_pin  {rise@0.000ns fall@5.000ns period=10.000ns})
  Path Group:             sys_clk_pin
  Path Type:              Hold (Min at Fast Process Corner)
  Requirement:            0.000ns  (sys_clk_pin rise@0.000ns - sys_clk_pin rise@0.000ns)
  Data Path Delay:        0.365ns  (logic 0.164ns (44.955%)  route 0.201ns (55.045%))
  Logic Levels:           0  
  Clock Path Skew:        0.058ns (DCD - SCD - CPR)
    Destination Clock Delay (DCD):    2.006ns
    Source Clock Delay      (SCD):    1.449ns
    Clock Pessimism Removal (CPR):    0.498ns

    Location             Delay type                Incr(ns)  Path(ns)    Netlist Resource(s)
  -------------------------------------------------------------------    -------------------
                         (clock sys_clk_pin rise edge)
                                                      0.000     0.000 r  
    W5                                                0.000     0.000 r  clk (IN)
                         net (fo=0)                   0.000     0.000    clk
    W5                   IBUF (Prop_ibuf_I_O)         0.226     0.226 r  clk_IBUF_inst/O
                         net (fo=1, routed)           0.631     0.858    clk_IBUF
    BUFGCTRL_X0Y0        BUFG (Prop_bufg_I_O)         0.026     0.884 r  clk_IBUF_BUFG_inst/O
                         net (fo=531, routed)         0.566     1.449    laby_top/laby_inst/clk_IBUF_BUFG
    SLICE_X8Y3           FDRE                                         r  laby_top/laby_inst/liste_addr_w_reg[6]/C
  -------------------------------------------------------------------    -------------------
    SLICE_X8Y3           FDRE (Prop_fdre_C_Q)         0.164     1.613 r  laby_top/laby_inst/liste_addr_w_reg[6]/Q
                         net (fo=1, routed)           0.201     1.814    laby_top/laby_inst/liste_inst/Q[6]
    RAMB18_X0Y0          RAMB18E1                                     r  laby_top/laby_inst/liste_inst/liste_mem_reg/ADDRARDADDR[10]
  -------------------------------------------------------------------    -------------------

                         (clock sys_clk_pin rise edge)
                                                      0.000     0.000 r  
    W5                                                0.000     0.000 r  clk (IN)
                         net (fo=0)                   0.000     0.000    clk
    W5                   IBUF (Prop_ibuf_I_O)         0.414     0.414 r  clk_IBUF_inst/O
                         net (fo=1, routed)           0.685     1.099    clk_IBUF
    BUFGCTRL_X0Y0        BUFG (Prop_bufg_I_O)         0.029     1.128 r  clk_IBUF_BUFG_inst/O
                         net (fo=531, routed)         0.878     2.006    laby_top/laby_inst/liste_inst/clk_IBUF_BUFG
    RAMB18_X0Y0          RAMB18E1                                     r  laby_top/laby_inst/liste_inst/liste_mem_reg/CLKARDCLK
                         clock pessimism             -0.498     1.508    
    RAMB18_X0Y0          RAMB18E1 (Hold_ramb18e1_CLKARDCLK_ADDRARDADDR[10])
                                                      0.183     1.691    laby_top/laby_inst/liste_inst/liste_mem_reg
  -------------------------------------------------------------------
                         required time                         -1.691    
                         arrival time                           1.814    
  -------------------------------------------------------------------
                         slack                                  0.123    

Slack (MET) :             0.123ns  (arrival time - required time)
  Source:                 laby_top/laby_inst/liste_addr_r_reg[2]/C
                            (rising edge-triggered cell FDRE clocked by sys_clk_pin  {rise@0.000ns fall@5.000ns period=10.000ns})
  Destination:            laby_top/laby_inst/liste_inst/liste_mem_reg/ADDRBWRADDR[6]
                            (rising edge-triggered cell RAMB18E1 clocked by sys_clk_pin  {rise@0.000ns fall@5.000ns period=10.000ns})
  Path Group:             sys_clk_pin
  Path Type:              Hold (Min at Fast Process Corner)
  Requirement:            0.000ns  (sys_clk_pin rise@0.000ns - sys_clk_pin rise@0.000ns)
  Data Path Delay:        0.386ns  (logic 0.164ns (42.508%)  route 0.222ns (57.492%))
  Logic Levels:           0  
  Clock Path Skew:        0.079ns (DCD - SCD - CPR)
    Destination Clock Delay (DCD):    2.007ns
    Source Clock Delay      (SCD):    1.449ns
    Clock Pessimism Removal (CPR):    0.478ns

    Location             Delay type                Incr(ns)  Path(ns)    Netlist Resource(s)
  -------------------------------------------------------------------    -------------------
                         (clock sys_clk_pin rise edge)
                                                      0.000     0.000 r  
    W5                                                0.000     0.000 r  clk (IN)
                         net (fo=0)                   0.000     0.000    clk
    W5                   IBUF (Prop_ibuf_I_O)         0.226     0.226 r  clk_IBUF_inst/O
                         net (fo=1, routed)           0.631     0.858    clk_IBUF
    BUFGCTRL_X0Y0        BUFG (Prop_bufg_I_O)         0.026     0.884 r  clk_IBUF_BUFG_inst/O
                         net (fo=531, routed)         0.566     1.449    laby_top/laby_inst/clk_IBUF_BUFG
    SLICE_X10Y3          FDRE                                         r  laby_top/laby_inst/liste_addr_r_reg[2]/C
  -------------------------------------------------------------------    -------------------
    SLICE_X10Y3          FDRE (Prop_fdre_C_Q)         0.164     1.613 r  laby_top/laby_inst/liste_addr_r_reg[2]/Q
                         net (fo=1, routed)           0.222     1.835    laby_top/laby_inst/liste_inst/liste_mem_reg_1[2]
    RAMB18_X0Y0          RAMB18E1                                     r  laby_top/laby_inst/liste_inst/liste_mem_reg/ADDRBWRADDR[6]
  -------------------------------------------------------------------    -------------------

                         (clock sys_clk_pin rise edge)
                                                      0.000     0.000 r  
    W5                                                0.000     0.000 r  clk (IN)
                         net (fo=0)                   0.000     0.000    clk
    W5                   IBUF (Prop_ibuf_I_O)         0.414     0.414 r  clk_IBUF_inst/O
                         net (fo=1, routed)           0.685     1.099    clk_IBUF
    BUFGCTRL_X0Y0        BUFG (Prop_bufg_I_O)         0.029     1.128 r  clk_IBUF_BUFG_inst/O
                         net (fo=531, routed)         0.879     2.007    laby_top/laby_inst/liste_inst/clk_IBUF_BUFG
    RAMB18_X0Y0          RAMB18E1                                     r  laby_top/laby_inst/liste_inst/liste_mem_reg/CLKBWRCLK
                         clock pessimism             -0.478     1.529    
    RAMB18_X0Y0          RAMB18E1 (Hold_ramb18e1_CLKBWRCLK_ADDRBWRADDR[6])
                                                      0.183     1.712    laby_top/laby_inst/liste_inst/liste_mem_reg
  -------------------------------------------------------------------
                         required time                         -1.712    
                         arrival time                           1.835    
  -------------------------------------------------------------------
                         slack                                  0.123    

Slack (MET) :             0.125ns  (arrival time - required time)
  Source:                 laby_top/laby_inst/liste_addr_r_reg[8]/C
                            (rising edge-triggered cell FDRE clocked by sys_clk_pin  {rise@0.000ns fall@5.000ns period=10.000ns})
  Destination:            laby_top/laby_inst/liste_inst/liste_mem_reg/ADDRBWRADDR[12]
                            (rising edge-triggered cell RAMB18E1 clocked by sys_clk_pin  {rise@0.000ns fall@5.000ns period=10.000ns})
  Path Group:             sys_clk_pin
  Path Type:              Hold (Min at Fast Process Corner)
  Requirement:            0.000ns  (sys_clk_pin rise@0.000ns - sys_clk_pin rise@0.000ns)
  Data Path Delay:        0.367ns  (logic 0.164ns (44.741%)  route 0.203ns (55.259%))
  Logic Levels:           0  
  Clock Path Skew:        0.058ns (DCD - SCD - CPR)
    Destination Clock Delay (DCD):    2.007ns
    Source Clock Delay      (SCD):    1.450ns
    Clock Pessimism Removal (CPR):    0.498ns

    Location             Delay type                Incr(ns)  Path(ns)    Netlist Resource(s)
  -------------------------------------------------------------------    -------------------
                         (clock sys_clk_pin rise edge)
                                                      0.000     0.000 r  
    W5                                                0.000     0.000 r  clk (IN)
                         net (fo=0)                   0.000     0.000    clk
    W5                   IBUF (Prop_ibuf_I_O)         0.226     0.226 r  clk_IBUF_inst/O
                         net (fo=1, routed)           0.631     0.858    clk_IBUF
    BUFGCTRL_X0Y0        BUFG (Prop_bufg_I_O)         0.026     0.884 r  clk_IBUF_BUFG_inst/O
                         net (fo=531, routed)         0.567     1.450    laby_top/laby_inst/clk_IBUF_BUFG
    SLICE_X8Y1           FDRE                                         r  laby_top/laby_inst/liste_addr_r_reg[8]/C
  -------------------------------------------------------------------    -------------------
    SLICE_X8Y1           FDRE (Prop_fdre_C_Q)         0.164     1.614 r  laby_top/laby_inst/liste_addr_r_reg[8]/Q
                         net (fo=1, routed)           0.203     1.817    laby_top/laby_inst/liste_inst/liste_mem_reg_1[8]
    RAMB18_X0Y0          RAMB18E1                                     r  laby_top/laby_inst/liste_inst/liste_mem_reg/ADDRBWRADDR[12]
  -------------------------------------------------------------------    -------------------

                         (clock sys_clk_pin rise edge)
                                                      0.000     0.000 r  
    W5                                                0.000     0.000 r  clk (IN)
                         net (fo=0)                   0.000     0.000    clk
    W5                   IBUF (Prop_ibuf_I_O)         0.414     0.414 r  clk_IBUF_inst/O
                         net (fo=1, routed)           0.685     1.099    clk_IBUF
    BUFGCTRL_X0Y0        BUFG (Prop_bufg_I_O)         0.029     1.128 r  clk_IBUF_BUFG_inst/O
                         net (fo=531, routed)         0.879     2.007    laby_top/laby_inst/liste_inst/clk_IBUF_BUFG
    RAMB18_X0Y0          RAMB18E1                                     r  laby_top/laby_inst/liste_inst/liste_mem_reg/CLKBWRCLK
                         clock pessimism             -0.498     1.509    
    RAMB18_X0Y0          RAMB18E1 (Hold_ramb18e1_CLKBWRCLK_ADDRBWRADDR[12])
                                                      0.183     1.692    laby_top/laby_inst/liste_inst/liste_mem_reg
  -------------------------------------------------------------------
                         required time                         -1.692    
                         arrival time                           1.817    
  -------------------------------------------------------------------
                         slack                                  0.125    

Slack (MET) :             0.127ns  (arrival time - required time)
  Source:                 laby_top/laby_inst/liste_addr_r_reg[3]/C
                            (rising edge-triggered cell FDRE clocked by sys_clk_pin  {rise@0.000ns fall@5.000ns period=10.000ns})
  Destination:            laby_top/laby_inst/liste_inst/liste_mem_reg/ADDRBWRADDR[7]
                            (rising edge-triggered cell RAMB18E1 clocked by sys_clk_pin  {rise@0.000ns fall@5.000ns period=10.000ns})
  Path Group:             sys_clk_pin
  Path Type:              Hold (Min at Fast Process Corner)
  Requirement:            0.000ns  (sys_clk_pin rise@0.000ns - sys_clk_pin rise@0.000ns)
  Data Path Delay:        0.369ns  (logic 0.164ns (44.499%)  route 0.205ns (55.501%))
  Logic Levels:           0  
  Clock Path Skew:        0.058ns (DCD - SCD - CPR)
    Destination Clock Delay (DCD):    2.007ns
    Source Clock Delay      (SCD):    1.450ns
    Clock Pessimism Removal (CPR):    0.498ns

    Location             Delay type                Incr(ns)  Path(ns)    Netlist Resource(s)
  -------------------------------------------------------------------    -------------------
                         (clock sys_clk_pin rise edge)
                                                      0.000     0.000 r  
    W5                                                0.000     0.000 r  clk (IN)
                         net (fo=0)                   0.000     0.000    clk
    W5                   IBUF (Prop_ibuf_I_O)         0.226     0.226 r  clk_IBUF_inst/O
                         net (fo=1, routed)           0.631     0.858    clk_IBUF
    BUFGCTRL_X0Y0        BUFG (Prop_bufg_I_O)         0.026     0.884 r  clk_IBUF_BUFG_inst/O
                         net (fo=531, routed)         0.567     1.450    laby_top/laby_inst/clk_IBUF_BUFG
    SLICE_X8Y2           FDRE                                         r  laby_top/laby_inst/liste_addr_r_reg[3]/C
  -------------------------------------------------------------------    -------------------
    SLICE_X8Y2           FDRE (Prop_fdre_C_Q)         0.164     1.614 r  laby_top/laby_inst/liste_addr_r_reg[3]/Q
                         net (fo=1, routed)           0.205     1.819    laby_top/laby_inst/liste_inst/liste_mem_reg_1[3]
    RAMB18_X0Y0          RAMB18E1                                     r  laby_top/laby_inst/liste_inst/liste_mem_reg/ADDRBWRADDR[7]
  -------------------------------------------------------------------    -------------------

                         (clock sys_clk_pin rise edge)
                                                      0.000     0.000 r  
    W5                                                0.000     0.000 r  clk (IN)
                         net (fo=0)                   0.000     0.000    clk
    W5                   IBUF (Prop_ibuf_I_O)         0.414     0.414 r  clk_IBUF_inst/O
                         net (fo=1, routed)           0.685     1.099    clk_IBUF
    BUFGCTRL_X0Y0        BUFG (Prop_bufg_I_O)         0.029     1.128 r  clk_IBUF_BUFG_inst/O
                         net (fo=531, routed)         0.879     2.007    laby_top/laby_inst/liste_inst/clk_IBUF_BUFG
    RAMB18_X0Y0          RAMB18E1                                     r  laby_top/laby_inst/liste_inst/liste_mem_reg/CLKBWRCLK
                         clock pessimism             -0.498     1.509    
    RAMB18_X0Y0          RAMB18E1 (Hold_ramb18e1_CLKBWRCLK_ADDRBWRADDR[7])
                                                      0.183     1.692    laby_top/laby_inst/liste_inst/liste_mem_reg
  -------------------------------------------------------------------
                         required time                         -1.692    
                         arrival time                           1.819    
  -------------------------------------------------------------------
                         slack                                  0.127    





Pulse Width Checks
--------------------------------------------------------------------------------------
Clock Name:         sys_clk_pin
Waveform(ns):       { 0.000 5.000 }
Period(ns):         10.000
Sources:            { clk }

Check Type        Corner  Lib Pin             Reference Pin  Required(ns)  Actual(ns)  Slack(ns)  Location       Pin
Min Period        n/a     RAMB18E1/CLKARDCLK  n/a            2.944         10.000      7.056      RAMB18_X0Y8    laby_top/bram_inst/cell_mem_reg_1/CLKARDCLK
Min Period        n/a     RAMB18E1/CLKARDCLK  n/a            2.944         10.000      7.056      RAMB18_X0Y9    laby_top/bram_inst/cell_mem_reg_2/CLKARDCLK
Min Period        n/a     RAMB18E1/CLKARDCLK  n/a            2.944         10.000      7.056      RAMB18_X0Y0    laby_top/laby_inst/liste_inst/liste_mem_reg/CLKARDCLK
Min Period        n/a     RAMB18E1/CLKBWRCLK  n/a            2.576         10.000      7.424      RAMB18_X0Y8    laby_top/bram_inst/cell_mem_reg_1/CLKBWRCLK
Min Period        n/a     RAMB18E1/CLKBWRCLK  n/a            2.576         10.000      7.424      RAMB18_X0Y9    laby_top/bram_inst/cell_mem_reg_2/CLKBWRCLK
Min Period        n/a     RAMB18E1/CLKBWRCLK  n/a            2.576         10.000      7.424      RAMB18_X0Y0    laby_top/laby_inst/liste_inst/liste_mem_reg/CLKBWRCLK
Min Period        n/a     BUFG/I              n/a            2.155         10.000      7.845      BUFGCTRL_X0Y0  clk_IBUF_BUFG_inst/I
Min Period        n/a     FDRE/C              n/a            1.000         10.000      9.000      SLICE_X12Y19   joueur_inst/btn_mem_reg[0]/C
Min Period        n/a     FDRE/C              n/a            1.000         10.000      9.000      SLICE_X12Y19   joueur_inst/btn_mem_reg[10]/C
Min Period        n/a     FDRE/C              n/a            1.000         10.000      9.000      SLICE_X12Y19   joueur_inst/btn_mem_reg[11]/C
Low Pulse Width   Slow    FDRE/C              n/a            0.500         5.000       4.500      SLICE_X12Y19   joueur_inst/btn_mem_reg[0]/C
Low Pulse Width   Fast    FDRE/C              n/a            0.500         5.000       4.500      SLICE_X12Y19   joueur_inst/btn_mem_reg[0]/C
Low Pulse Width   Slow    FDRE/C              n/a            0.500         5.000       4.500      SLICE_X12Y19   joueur_inst/btn_mem_reg[10]/C
Low Pulse Width   Fast    FDRE/C              n/a            0.500         5.000       4.500      SLICE_X12Y19   joueur_inst/btn_mem_reg[10]/C
Low Pulse Width   Slow    FDRE/C              n/a            0.500         5.000       4.500      SLICE_X12Y19   joueur_inst/btn_mem_reg[11]/C
Low Pulse Width   Fast    FDRE/C              n/a            0.500         5.000       4.500      SLICE_X12Y19   joueur_inst/btn_mem_reg[11]/C
Low Pulse Width   Slow    FDRE/C              n/a            0.500         5.000       4.500      SLICE_X12Y19   joueur_inst/btn_mem_reg[12]/C
Low Pulse Width   Fast    FDRE/C              n/a            0.500         5.000       4.500      SLICE_X12Y19   joueur_inst/btn_mem_reg[12]/C
Low Pulse Width   Slow    FDRE/C              n/a            0.500         5.000       4.500      SLICE_X12Y19   joueur_inst/btn_mem_reg[13]/C
Low Pulse Width   Fast    FDRE/C              n/a            0.500         5.000       4.500      SLICE_X12Y19   joueur_inst/btn_mem_reg[13]/C
High Pulse Width  Slow    FDRE/C              n/a            0.500         5.000       4.500      SLICE_X12Y19   joueur_inst/btn_mem_reg[0]/C
High Pulse Width  Fast    FDRE/C              n/a            0.500         5.000       4.500      SLICE_X12Y19   joueur_inst/btn_mem_reg[0]/C
High Pulse Width  Slow    FDRE/C              n/a            0.500         5.000       4.500      SLICE_X12Y19   joueur_inst/btn_mem_reg[10]/C
High Pulse Width  Fast    FDRE/C              n/a            0.500         5.000       4.500      SLICE_X12Y19   joueur_inst/btn_mem_reg[10]/C
High Pulse Width  Slow    FDRE/C              n/a            0.500         5.000       4.500      SLICE_X12Y19   joueur_inst/btn_mem_reg[11]/C
High Pulse Width  Fast    FDRE/C              n/a            0.500         5.000       4.500      SLICE_X12Y19   joueur_inst/btn_mem_reg[11]/C
High Pulse Width  Slow    FDRE/C              n/a            0.500         5.000       4.500      SLICE_X12Y19   joueur_inst/btn_mem_reg[12]/C
High Pulse Width  Fast    FDRE/C              n/a            0.500         5.000       4.500      SLICE_X12Y19   joueur_inst/btn_mem_reg[12]/C
High Pulse Width  Slow    FDRE/C              n/a            0.500         5.000       4.500      SLICE_X12Y19   joueur_inst/btn_mem_reg[13]/C
High Pulse Width  Fast    FDRE/C              n/a            0.500         5.000       4.500      SLICE_X12Y19   joueur_inst/btn_mem_reg[13]/C



--------------------------------------------------------------------------------------
Path Group:  (none)
From Clock:  sys_clk_pin
  To Clock:  

Max Delay            26 Endpoints
Min Delay            26 Endpoints
--------------------------------------------------------------------------------------


Max Delay Paths
--------------------------------------------------------------------------------------
Slack:                    inf
  Source:                 vga_inst/v_compteur_inst/compteur_reg[2]/C
                            (rising edge-triggered cell FDRE clocked by sys_clk_pin  {rise@0.000ns fall@5.000ns period=10.000ns})
  Destination:            vgaRed[1]
                            (output port)
  Path Group:             (none)
  Path Type:              Max at Slow Process Corner
  Data Path Delay:        21.560ns  (logic 8.072ns (37.440%)  route 13.488ns (62.560%))
  Logic Levels:           15  (CARRY4=6 LUT2=2 LUT3=1 LUT5=2 LUT6=3 OBUF=1)
  Clock Uncertainty:      0.025ns  ((TSJ^2 + TIJ^2)^1/2 + DJ) / 2 + PE
    Total System Jitter     (TSJ):    0.050ns
    Total Input Jitter      (TIJ):    0.000ns
    Discrete Jitter          (DJ):    0.000ns
    Phase Error              (PE):    0.000ns

    Location             Delay type                Incr(ns)  Path(ns)    Netlist Resource(s)
  -------------------------------------------------------------------    -------------------
                         (clock sys_clk_pin rise edge)
                                                      0.000     0.000 r  
    W5                                                0.000     0.000 r  clk (IN)
                         net (fo=0)                   0.000     0.000    clk
    W5                   IBUF (Prop_ibuf_I_O)         1.458     1.458 r  clk_IBUF_inst/O
                         net (fo=1, routed)           1.967     3.425    clk_IBUF
    BUFGCTRL_X0Y0        BUFG (Prop_bufg_I_O)         0.096     3.521 r  clk_IBUF_BUFG_inst/O
                         net (fo=531, routed)         1.555     5.076    vga_inst/v_compteur_inst/clk_IBUF_BUFG
    SLICE_X8Y28          FDRE                                         r  vga_inst/v_compteur_inst/compteur_reg[2]/C
  -------------------------------------------------------------------    -------------------
    SLICE_X8Y28          FDRE (Prop_fdre_C_Q)         0.518     5.594 r  vga_inst/v_compteur_inst/compteur_reg[2]/Q
                         net (fo=56, routed)          3.348     8.942    vga_inst/v_compteur_inst/Q[2]
    SLICE_X6Y22          LUT2 (Prop_lut2_I1_O)        0.124     9.066 r  vga_inst/v_compteur_inst/vgaBlue_OBUF[2]_inst_i_27/O
                         net (fo=1, routed)           0.000     9.066    vga_inst/v_compteur_inst/vgaBlue_OBUF[2]_inst_i_27_n_0
    SLICE_X6Y22          CARRY4 (Prop_carry4_S[3]_CO[3])
                                                      0.376     9.442 r  vga_inst/v_compteur_inst/vgaBlue_OBUF[2]_inst_i_23/CO[3]
                         net (fo=1, routed)           0.000     9.442    vga_inst/v_compteur_inst/vgaBlue_OBUF[2]_inst_i_23_n_0
    SLICE_X6Y23          CARRY4 (Prop_carry4_CI_O[3])
                                                      0.315     9.757 r  vga_inst/v_compteur_inst/vgaBlue_OBUF[2]_inst_i_22/O[3]
                         net (fo=4, routed)           0.886    10.643    vga_inst/v_compteur_inst/vgaBlue_OBUF[2]_inst_i_22_n_4
    SLICE_X7Y23          LUT3 (Prop_lut3_I2_O)        0.307    10.950 r  vga_inst/v_compteur_inst/vgaBlue_OBUF[2]_inst_i_18/O
                         net (fo=1, routed)           0.000    10.950    vga_inst/v_compteur_inst/vgaBlue_OBUF[2]_inst_i_18_n_0
    SLICE_X7Y23          CARRY4 (Prop_carry4_S[2]_O[3])
                                                      0.352    11.302 f  vga_inst/v_compteur_inst/vgaBlue_OBUF[2]_inst_i_13/O[3]
                         net (fo=12, routed)          2.014    13.316    vga_inst/v_compteur_inst/vgaBlue_OBUF[2]_inst_i_13_n_4
    SLICE_X11Y25         LUT5 (Prop_lut5_I3_O)        0.306    13.622 r  vga_inst/v_compteur_inst/vgaBlue_OBUF[3]_inst_i_36/O
                         net (fo=12, routed)          1.210    14.832    vga_inst/v_compteur_inst/compteur_reg[4]_0[0]
    SLICE_X11Y22         LUT5 (Prop_lut5_I2_O)        0.124    14.956 r  vga_inst/v_compteur_inst/vgaRed_OBUF[3]_inst_i_115/O
                         net (fo=1, routed)           0.000    14.956    vga_inst/h_compteur_inst/vgaRed_OBUF[3]_inst_i_72_0[1]
    SLICE_X11Y22         CARRY4 (Prop_carry4_S[2]_CO[3])
                                                      0.398    15.354 r  vga_inst/h_compteur_inst/vgaRed_OBUF[3]_inst_i_92/CO[3]
                         net (fo=1, routed)           0.000    15.354    vga_inst/h_compteur_inst/vgaRed_OBUF[3]_inst_i_92_n_0
    SLICE_X11Y23         CARRY4 (Prop_carry4_CI_O[1])
                                                      0.334    15.688 f  vga_inst/h_compteur_inst/vgaRed_OBUF[3]_inst_i_72/O[1]
                         net (fo=2, routed)           0.844    16.532    vga_inst/h_compteur_inst/render_inst/vgaRed2[7]
    SLICE_X12Y23         LUT2 (Prop_lut2_I1_O)        0.303    16.835 r  vga_inst/h_compteur_inst/vgaRed_OBUF[3]_inst_i_44/O
                         net (fo=1, routed)           0.000    16.835    vga_inst/h_compteur_inst/vgaRed_OBUF[3]_inst_i_44_n_0
    SLICE_X12Y23         CARRY4 (Prop_carry4_S[0]_CO[2])
                                                      0.538    17.373 r  vga_inst/h_compteur_inst/vgaRed_OBUF[3]_inst_i_26/CO[2]
                         net (fo=1, routed)           0.633    18.006    vga_inst/h_compteur_inst/vgaRed_OBUF[3]_inst_i_26_n_1
    SLICE_X10Y20         LUT6 (Prop_lut6_I5_O)        0.310    18.316 f  vga_inst/h_compteur_inst/vgaRed_OBUF[3]_inst_i_11/O
                         net (fo=10, routed)          1.358    19.674    vga_inst/h_compteur_inst/vgaRed_OBUF[3]_inst_i_11_n_0
    SLICE_X9Y30          LUT6 (Prop_lut6_I3_O)        0.124    19.798 r  vga_inst/h_compteur_inst/vgaRed_OBUF[2]_inst_i_2/O
                         net (fo=1, routed)           0.729    20.526    vga_inst/v_compteur_inst/vgaRed[1]
    SLICE_X8Y30          LUT6 (Prop_lut6_I4_O)        0.124    20.650 r  vga_inst/v_compteur_inst/vgaRed_OBUF[2]_inst_i_1/O
                         net (fo=2, routed)           2.467    23.117    vgaRed_OBUF[1]
    H19                  OBUF (Prop_obuf_I_O)         3.519    26.637 r  vgaRed_OBUF[1]_inst/O
                         net (fo=0)                   0.000    26.637    vgaRed[1]
    H19                                                               r  vgaRed[1] (OUT)
  -------------------------------------------------------------------    -------------------

Slack:                    inf
  Source:                 vga_inst/v_compteur_inst/compteur_reg[2]/C
                            (rising edge-triggered cell FDRE clocked by sys_clk_pin  {rise@0.000ns fall@5.000ns period=10.000ns})
  Destination:            vgaGreen[2]
                            (output port)
  Path Group:             (none)
  Path Type:              Max at Slow Process Corner
  Data Path Delay:        21.438ns  (logic 8.508ns (39.687%)  route 12.930ns (60.313%))
  Logic Levels:           15  (CARRY4=6 LUT2=2 LUT3=1 LUT4=1 LUT5=3 LUT6=1 OBUF=1)
  Clock Uncertainty:      0.025ns  ((TSJ^2 + TIJ^2)^1/2 + DJ) / 2 + PE
    Total System Jitter     (TSJ):    0.050ns
    Total Input Jitter      (TIJ):    0.000ns
    Discrete Jitter          (DJ):    0.000ns
    Phase Error              (PE):    0.000ns

    Location             Delay type                Incr(ns)  Path(ns)    Netlist Resource(s)
  -------------------------------------------------------------------    -------------------
                         (clock sys_clk_pin rise edge)
                                                      0.000     0.000 r  
    W5                                                0.000     0.000 r  clk (IN)
                         net (fo=0)                   0.000     0.000    clk
    W5                   IBUF (Prop_ibuf_I_O)         1.458     1.458 r  clk_IBUF_inst/O
                         net (fo=1, routed)           1.967     3.425    clk_IBUF
    BUFGCTRL_X0Y0        BUFG (Prop_bufg_I_O)         0.096     3.521 r  clk_IBUF_BUFG_inst/O
                         net (fo=531, routed)         1.555     5.076    vga_inst/v_compteur_inst/clk_IBUF_BUFG
    SLICE_X8Y28          FDRE                                         r  vga_inst/v_compteur_inst/compteur_reg[2]/C
  -------------------------------------------------------------------    -------------------
    SLICE_X8Y28          FDRE (Prop_fdre_C_Q)         0.518     5.594 r  vga_inst/v_compteur_inst/compteur_reg[2]/Q
                         net (fo=56, routed)          3.348     8.942    vga_inst/v_compteur_inst/Q[2]
    SLICE_X6Y22          LUT2 (Prop_lut2_I1_O)        0.124     9.066 r  vga_inst/v_compteur_inst/vgaBlue_OBUF[2]_inst_i_27/O
                         net (fo=1, routed)           0.000     9.066    vga_inst/v_compteur_inst/vgaBlue_OBUF[2]_inst_i_27_n_0
    SLICE_X6Y22          CARRY4 (Prop_carry4_S[3]_CO[3])
                                                      0.376     9.442 r  vga_inst/v_compteur_inst/vgaBlue_OBUF[2]_inst_i_23/CO[3]
                         net (fo=1, routed)           0.000     9.442    vga_inst/v_compteur_inst/vgaBlue_OBUF[2]_inst_i_23_n_0
    SLICE_X6Y23          CARRY4 (Prop_carry4_CI_O[3])
                                                      0.315     9.757 r  vga_inst/v_compteur_inst/vgaBlue_OBUF[2]_inst_i_22/O[3]
                         net (fo=4, routed)           0.886    10.643    vga_inst/v_compteur_inst/vgaBlue_OBUF[2]_inst_i_22_n_4
    SLICE_X7Y23          LUT3 (Prop_lut3_I2_O)        0.307    10.950 r  vga_inst/v_compteur_inst/vgaBlue_OBUF[2]_inst_i_18/O
                         net (fo=1, routed)           0.000    10.950    vga_inst/v_compteur_inst/vgaBlue_OBUF[2]_inst_i_18_n_0
    SLICE_X7Y23          CARRY4 (Prop_carry4_S[2]_O[3])
                                                      0.352    11.302 f  vga_inst/v_compteur_inst/vgaBlue_OBUF[2]_inst_i_13/O[3]
                         net (fo=12, routed)          2.014    13.316    vga_inst/v_compteur_inst/vgaBlue_OBUF[2]_inst_i_13_n_4
    SLICE_X11Y25         LUT5 (Prop_lut5_I3_O)        0.306    13.622 r  vga_inst/v_compteur_inst/vgaBlue_OBUF[3]_inst_i_36/O
                         net (fo=12, routed)          1.210    14.832    vga_inst/v_compteur_inst/compteur_reg[4]_0[0]
    SLICE_X11Y22         LUT5 (Prop_lut5_I2_O)        0.124    14.956 r  vga_inst/v_compteur_inst/vgaRed_OBUF[3]_inst_i_115/O
                         net (fo=1, routed)           0.000    14.956    vga_inst/h_compteur_inst/vgaRed_OBUF[3]_inst_i_72_0[1]
    SLICE_X11Y22         CARRY4 (Prop_carry4_S[2]_CO[3])
                                                      0.398    15.354 r  vga_inst/h_compteur_inst/vgaRed_OBUF[3]_inst_i_92/CO[3]
                         net (fo=1, routed)           0.000    15.354    vga_inst/h_compteur_inst/vgaRed_OBUF[3]_inst_i_92_n_0
    SLICE_X11Y23         CARRY4 (Prop_carry4_CI_O[1])
                                                      0.334    15.688 f  vga_inst/h_compteur_inst/vgaRed_OBUF[3]_inst_i_72/O[1]
                         net (fo=2, routed)           0.844    16.532    vga_inst/h_compteur_inst/render_inst/vgaRed2[7]
    SLICE_X12Y23         LUT2 (Prop_lut2_I1_O)        0.303    16.835 r  vga_inst/h_compteur_inst/vgaRed_OBUF[3]_inst_i_44/O
                         net (fo=1, routed)           0.000    16.835    vga_inst/h_compteur_inst/vgaRed_OBUF[3]_inst_i_44_n_0
    SLICE_X12Y23         CARRY4 (Prop_carry4_S[0]_CO[2])
                                                      0.538    17.373 r  vga_inst/h_compteur_inst/vgaRed_OBUF[3]_inst_i_26/CO[2]
                         net (fo=1, routed)           0.633    18.006    vga_inst/h_compteur_inst/vgaRed_OBUF[3]_inst_i_26_n_1
    SLICE_X10Y20         LUT6 (Prop_lut6_I5_O)        0.310    18.316 f  vga_inst/h_compteur_inst/vgaRed_OBUF[3]_inst_i_11/O
                         net (fo=10, routed)          0.969    19.284    vga_inst/h_compteur_inst/vgaRed_OBUF[3]_inst_i_11_n_0
    SLICE_X9Y31          LUT5 (Prop_lut5_I1_O)        0.118    19.402 r  vga_inst/h_compteur_inst/vgaGreen_OBUF[2]_inst_i_2/O
                         net (fo=1, routed)           0.873    20.275    vga_inst/h_compteur_inst/vgaGreen_OBUF[2]_inst_i_2_n_0
    SLICE_X8Y31          LUT4 (Prop_lut4_I0_O)        0.352    20.627 r  vga_inst/h_compteur_inst/vgaGreen_OBUF[2]_inst_i_1/O
                         net (fo=1, routed)           2.154    22.781    vgaGreen_OBUF[2]
    G17                  OBUF (Prop_obuf_I_O)         3.733    26.514 r  vgaGreen_OBUF[2]_inst/O
                         net (fo=0)                   0.000    26.514    vgaGreen[2]
    G17                                                               r  vgaGreen[2] (OUT)
  -------------------------------------------------------------------    -------------------

Slack:                    inf
  Source:                 vga_inst/v_compteur_inst/compteur_reg[2]/C
                            (rising edge-triggered cell FDRE clocked by sys_clk_pin  {rise@0.000ns fall@5.000ns period=10.000ns})
  Destination:            vgaGreen[0]
                            (output port)
  Path Group:             (none)
  Path Type:              Max at Slow Process Corner
  Data Path Delay:        21.361ns  (logic 8.304ns (38.874%)  route 13.057ns (61.126%))
  Logic Levels:           15  (CARRY4=6 LUT2=2 LUT3=1 LUT5=3 LUT6=2 OBUF=1)
  Clock Uncertainty:      0.025ns  ((TSJ^2 + TIJ^2)^1/2 + DJ) / 2 + PE
    Total System Jitter     (TSJ):    0.050ns
    Total Input Jitter      (TIJ):    0.000ns
    Discrete Jitter          (DJ):    0.000ns
    Phase Error              (PE):    0.000ns

    Location             Delay type                Incr(ns)  Path(ns)    Netlist Resource(s)
  -------------------------------------------------------------------    -------------------
                         (clock sys_clk_pin rise edge)
                                                      0.000     0.000 r  
    W5                                                0.000     0.000 r  clk (IN)
                         net (fo=0)                   0.000     0.000    clk
    W5                   IBUF (Prop_ibuf_I_O)         1.458     1.458 r  clk_IBUF_inst/O
                         net (fo=1, routed)           1.967     3.425    clk_IBUF
    BUFGCTRL_X0Y0        BUFG (Prop_bufg_I_O)         0.096     3.521 r  clk_IBUF_BUFG_inst/O
                         net (fo=531, routed)         1.555     5.076    vga_inst/v_compteur_inst/clk_IBUF_BUFG
    SLICE_X8Y28          FDRE                                         r  vga_inst/v_compteur_inst/compteur_reg[2]/C
  -------------------------------------------------------------------    -------------------
    SLICE_X8Y28          FDRE (Prop_fdre_C_Q)         0.518     5.594 r  vga_inst/v_compteur_inst/compteur_reg[2]/Q
                         net (fo=56, routed)          3.348     8.942    vga_inst/v_compteur_inst/Q[2]
    SLICE_X6Y22          LUT2 (Prop_lut2_I1_O)        0.124     9.066 r  vga_inst/v_compteur_inst/vgaBlue_OBUF[2]_inst_i_27/O
                         net (fo=1, routed)           0.000     9.066    vga_inst/v_compteur_inst/vgaBlue_OBUF[2]_inst_i_27_n_0
    SLICE_X6Y22          CARRY4 (Prop_carry4_S[3]_CO[3])
                                                      0.376     9.442 r  vga_inst/v_compteur_inst/vgaBlue_OBUF[2]_inst_i_23/CO[3]
                         net (fo=1, routed)           0.000     9.442    vga_inst/v_compteur_inst/vgaBlue_OBUF[2]_inst_i_23_n_0
    SLICE_X6Y23          CARRY4 (Prop_carry4_CI_O[3])
                                                      0.315     9.757 r  vga_inst/v_compteur_inst/vgaBlue_OBUF[2]_inst_i_22/O[3]
                         net (fo=4, routed)           0.886    10.643    vga_inst/v_compteur_inst/vgaBlue_OBUF[2]_inst_i_22_n_4
    SLICE_X7Y23          LUT3 (Prop_lut3_I2_O)        0.307    10.950 r  vga_inst/v_compteur_inst/vgaBlue_OBUF[2]_inst_i_18/O
                         net (fo=1, routed)           0.000    10.950    vga_inst/v_compteur_inst/vgaBlue_OBUF[2]_inst_i_18_n_0
    SLICE_X7Y23          CARRY4 (Prop_carry4_S[2]_O[3])
                                                      0.352    11.302 f  vga_inst/v_compteur_inst/vgaBlue_OBUF[2]_inst_i_13/O[3]
                         net (fo=12, routed)          2.014    13.316    vga_inst/v_compteur_inst/vgaBlue_OBUF[2]_inst_i_13_n_4
    SLICE_X11Y25         LUT5 (Prop_lut5_I3_O)        0.306    13.622 r  vga_inst/v_compteur_inst/vgaBlue_OBUF[3]_inst_i_36/O
                         net (fo=12, routed)          1.210    14.832    vga_inst/v_compteur_inst/compteur_reg[4]_0[0]
    SLICE_X11Y22         LUT5 (Prop_lut5_I2_O)        0.124    14.956 r  vga_inst/v_compteur_inst/vgaRed_OBUF[3]_inst_i_115/O
                         net (fo=1, routed)           0.000    14.956    vga_inst/h_compteur_inst/vgaRed_OBUF[3]_inst_i_72_0[1]
    SLICE_X11Y22         CARRY4 (Prop_carry4_S[2]_CO[3])
                                                      0.398    15.354 r  vga_inst/h_compteur_inst/vgaRed_OBUF[3]_inst_i_92/CO[3]
                         net (fo=1, routed)           0.000    15.354    vga_inst/h_compteur_inst/vgaRed_OBUF[3]_inst_i_92_n_0
    SLICE_X11Y23         CARRY4 (Prop_carry4_CI_O[1])
                                                      0.334    15.688 f  vga_inst/h_compteur_inst/vgaRed_OBUF[3]_inst_i_72/O[1]
                         net (fo=2, routed)           0.844    16.532    vga_inst/h_compteur_inst/render_inst/vgaRed2[7]
    SLICE_X12Y23         LUT2 (Prop_lut2_I1_O)        0.303    16.835 r  vga_inst/h_compteur_inst/vgaRed_OBUF[3]_inst_i_44/O
                         net (fo=1, routed)           0.000    16.835    vga_inst/h_compteur_inst/vgaRed_OBUF[3]_inst_i_44_n_0
    SLICE_X12Y23         CARRY4 (Prop_carry4_S[0]_CO[2])
                                                      0.538    17.373 f  vga_inst/h_compteur_inst/vgaRed_OBUF[3]_inst_i_26/CO[2]
                         net (fo=1, routed)           0.633    18.006    vga_inst/h_compteur_inst/vgaRed_OBUF[3]_inst_i_26_n_1
    SLICE_X10Y20         LUT6 (Prop_lut6_I5_O)        0.310    18.316 r  vga_inst/h_compteur_inst/vgaRed_OBUF[3]_inst_i_11/O
                         net (fo=10, routed)          1.359    19.675    vga_inst/h_compteur_inst/vgaRed_OBUF[3]_inst_i_11_n_0
    SLICE_X9Y30          LUT5 (Prop_lut5_I1_O)        0.152    19.827 r  vga_inst/h_compteur_inst/vgaGreen_OBUF[0]_inst_i_3/O
                         net (fo=1, routed)           0.645    20.471    vga_inst/h_compteur_inst/green_rendu[0]
    SLICE_X8Y30          LUT6 (Prop_lut6_I2_O)        0.326    20.797 r  vga_inst/h_compteur_inst/vgaGreen_OBUF[0]_inst_i_1/O
                         net (fo=1, routed)           2.119    22.916    vgaGreen_OBUF[0]
    J17                  OBUF (Prop_obuf_I_O)         3.521    26.437 r  vgaGreen_OBUF[0]_inst/O
                         net (fo=0)                   0.000    26.437    vgaGreen[0]
    J17                                                               r  vgaGreen[0] (OUT)
  -------------------------------------------------------------------    -------------------

Slack:                    inf
  Source:                 vga_inst/v_compteur_inst/compteur_reg[2]/C
                            (rising edge-triggered cell FDRE clocked by sys_clk_pin  {rise@0.000ns fall@5.000ns period=10.000ns})
  Destination:            vgaRed[2]
                            (output port)
  Path Group:             (none)
  Path Type:              Max at Slow Process Corner
  Data Path Delay:        21.277ns  (logic 8.077ns (37.961%)  route 13.200ns (62.039%))
  Logic Levels:           15  (CARRY4=6 LUT2=2 LUT3=1 LUT5=2 LUT6=3 OBUF=1)
  Clock Uncertainty:      0.025ns  ((TSJ^2 + TIJ^2)^1/2 + DJ) / 2 + PE
    Total System Jitter     (TSJ):    0.050ns
    Total Input Jitter      (TIJ):    0.000ns
    Discrete Jitter          (DJ):    0.000ns
    Phase Error              (PE):    0.000ns

    Location             Delay type                Incr(ns)  Path(ns)    Netlist Resource(s)
  -------------------------------------------------------------------    -------------------
                         (clock sys_clk_pin rise edge)
                                                      0.000     0.000 r  
    W5                                                0.000     0.000 r  clk (IN)
                         net (fo=0)                   0.000     0.000    clk
    W5                   IBUF (Prop_ibuf_I_O)         1.458     1.458 r  clk_IBUF_inst/O
                         net (fo=1, routed)           1.967     3.425    clk_IBUF
    BUFGCTRL_X0Y0        BUFG (Prop_bufg_I_O)         0.096     3.521 r  clk_IBUF_BUFG_inst/O
                         net (fo=531, routed)         1.555     5.076    vga_inst/v_compteur_inst/clk_IBUF_BUFG
    SLICE_X8Y28          FDRE                                         r  vga_inst/v_compteur_inst/compteur_reg[2]/C
  -------------------------------------------------------------------    -------------------
    SLICE_X8Y28          FDRE (Prop_fdre_C_Q)         0.518     5.594 r  vga_inst/v_compteur_inst/compteur_reg[2]/Q
                         net (fo=56, routed)          3.348     8.942    vga_inst/v_compteur_inst/Q[2]
    SLICE_X6Y22          LUT2 (Prop_lut2_I1_O)        0.124     9.066 r  vga_inst/v_compteur_inst/vgaBlue_OBUF[2]_inst_i_27/O
                         net (fo=1, routed)           0.000     9.066    vga_inst/v_compteur_inst/vgaBlue_OBUF[2]_inst_i_27_n_0
    SLICE_X6Y22          CARRY4 (Prop_carry4_S[3]_CO[3])
                                                      0.376     9.442 r  vga_inst/v_compteur_inst/vgaBlue_OBUF[2]_inst_i_23/CO[3]
                         net (fo=1, routed)           0.000     9.442    vga_inst/v_compteur_inst/vgaBlue_OBUF[2]_inst_i_23_n_0
    SLICE_X6Y23          CARRY4 (Prop_carry4_CI_O[3])
                                                      0.315     9.757 r  vga_inst/v_compteur_inst/vgaBlue_OBUF[2]_inst_i_22/O[3]
                         net (fo=4, routed)           0.886    10.643    vga_inst/v_compteur_inst/vgaBlue_OBUF[2]_inst_i_22_n_4
    SLICE_X7Y23          LUT3 (Prop_lut3_I2_O)        0.307    10.950 r  vga_inst/v_compteur_inst/vgaBlue_OBUF[2]_inst_i_18/O
                         net (fo=1, routed)           0.000    10.950    vga_inst/v_compteur_inst/vgaBlue_OBUF[2]_inst_i_18_n_0
    SLICE_X7Y23          CARRY4 (Prop_carry4_S[2]_O[3])
                                                      0.352    11.302 f  vga_inst/v_compteur_inst/vgaBlue_OBUF[2]_inst_i_13/O[3]
                         net (fo=12, routed)          2.014    13.316    vga_inst/v_compteur_inst/vgaBlue_OBUF[2]_inst_i_13_n_4
    SLICE_X11Y25         LUT5 (Prop_lut5_I3_O)        0.306    13.622 r  vga_inst/v_compteur_inst/vgaBlue_OBUF[3]_inst_i_36/O
                         net (fo=12, routed)          1.210    14.832    vga_inst/v_compteur_inst/compteur_reg[4]_0[0]
    SLICE_X11Y22         LUT5 (Prop_lut5_I2_O)        0.124    14.956 r  vga_inst/v_compteur_inst/vgaRed_OBUF[3]_inst_i_115/O
                         net (fo=1, routed)           0.000    14.956    vga_inst/h_compteur_inst/vgaRed_OBUF[3]_inst_i_72_0[1]
    SLICE_X11Y22         CARRY4 (Prop_carry4_S[2]_CO[3])
                                                      0.398    15.354 r  vga_inst/h_compteur_inst/vgaRed_OBUF[3]_inst_i_92/CO[3]
                         net (fo=1, routed)           0.000    15.354    vga_inst/h_compteur_inst/vgaRed_OBUF[3]_inst_i_92_n_0
    SLICE_X11Y23         CARRY4 (Prop_carry4_CI_O[1])
                                                      0.334    15.688 f  vga_inst/h_compteur_inst/vgaRed_OBUF[3]_inst_i_72/O[1]
                         net (fo=2, routed)           0.844    16.532    vga_inst/h_compteur_inst/render_inst/vgaRed2[7]
    SLICE_X12Y23         LUT2 (Prop_lut2_I1_O)        0.303    16.835 r  vga_inst/h_compteur_inst/vgaRed_OBUF[3]_inst_i_44/O
                         net (fo=1, routed)           0.000    16.835    vga_inst/h_compteur_inst/vgaRed_OBUF[3]_inst_i_44_n_0
    SLICE_X12Y23         CARRY4 (Prop_carry4_S[0]_CO[2])
                                                      0.538    17.373 r  vga_inst/h_compteur_inst/vgaRed_OBUF[3]_inst_i_26/CO[2]
                         net (fo=1, routed)           0.633    18.006    vga_inst/h_compteur_inst/vgaRed_OBUF[3]_inst_i_26_n_1
    SLICE_X10Y20         LUT6 (Prop_lut6_I5_O)        0.310    18.316 f  vga_inst/h_compteur_inst/vgaRed_OBUF[3]_inst_i_11/O
                         net (fo=10, routed)          1.358    19.674    vga_inst/h_compteur_inst/vgaRed_OBUF[3]_inst_i_11_n_0
    SLICE_X9Y30          LUT6 (Prop_lut6_I3_O)        0.124    19.798 r  vga_inst/h_compteur_inst/vgaRed_OBUF[2]_inst_i_2/O
                         net (fo=1, routed)           0.729    20.526    vga_inst/v_compteur_inst/vgaRed[1]
    SLICE_X8Y30          LUT6 (Prop_lut6_I4_O)        0.124    20.650 r  vga_inst/v_compteur_inst/vgaRed_OBUF[2]_inst_i_1/O
                         net (fo=2, routed)           2.179    22.829    vgaRed_OBUF[1]
    J19                  OBUF (Prop_obuf_I_O)         3.524    26.353 r  vgaRed_OBUF[2]_inst/O
                         net (fo=0)                   0.000    26.353    vgaRed[2]
    J19                                                               r  vgaRed[2] (OUT)
  -------------------------------------------------------------------    -------------------

Slack:                    inf
  Source:                 vga_inst/v_compteur_inst/compteur_reg[2]/C
                            (rising edge-triggered cell FDRE clocked by sys_clk_pin  {rise@0.000ns fall@5.000ns period=10.000ns})
  Destination:            vgaGreen[1]
                            (output port)
  Path Group:             (none)
  Path Type:              Max at Slow Process Corner
  Data Path Delay:        21.226ns  (logic 8.058ns (37.965%)  route 13.168ns (62.035%))
  Logic Levels:           15  (CARRY4=6 LUT2=2 LUT3=1 LUT4=1 LUT5=2 LUT6=2 OBUF=1)
  Clock Uncertainty:      0.025ns  ((TSJ^2 + TIJ^2)^1/2 + DJ) / 2 + PE
    Total System Jitter     (TSJ):    0.050ns
    Total Input Jitter      (TIJ):    0.000ns
    Discrete Jitter          (DJ):    0.000ns
    Phase Error              (PE):    0.000ns

    Location             Delay type                Incr(ns)  Path(ns)    Netlist Resource(s)
  -------------------------------------------------------------------    -------------------
                         (clock sys_clk_pin rise edge)
                                                      0.000     0.000 r  
    W5                                                0.000     0.000 r  clk (IN)
                         net (fo=0)                   0.000     0.000    clk
    W5                   IBUF (Prop_ibuf_I_O)         1.458     1.458 r  clk_IBUF_inst/O
                         net (fo=1, routed)           1.967     3.425    clk_IBUF
    BUFGCTRL_X0Y0        BUFG (Prop_bufg_I_O)         0.096     3.521 r  clk_IBUF_BUFG_inst/O
                         net (fo=531, routed)         1.555     5.076    vga_inst/v_compteur_inst/clk_IBUF_BUFG
    SLICE_X8Y28          FDRE                                         r  vga_inst/v_compteur_inst/compteur_reg[2]/C
  -------------------------------------------------------------------    -------------------
    SLICE_X8Y28          FDRE (Prop_fdre_C_Q)         0.518     5.594 r  vga_inst/v_compteur_inst/compteur_reg[2]/Q
                         net (fo=56, routed)          3.348     8.942    vga_inst/v_compteur_inst/Q[2]
    SLICE_X6Y22          LUT2 (Prop_lut2_I1_O)        0.124     9.066 r  vga_inst/v_compteur_inst/vgaBlue_OBUF[2]_inst_i_27/O
                         net (fo=1, routed)           0.000     9.066    vga_inst/v_compteur_inst/vgaBlue_OBUF[2]_inst_i_27_n_0
    SLICE_X6Y22          CARRY4 (Prop_carry4_S[3]_CO[3])
                                                      0.376     9.442 r  vga_inst/v_compteur_inst/vgaBlue_OBUF[2]_inst_i_23/CO[3]
                         net (fo=1, routed)           0.000     9.442    vga_inst/v_compteur_inst/vgaBlue_OBUF[2]_inst_i_23_n_0
    SLICE_X6Y23          CARRY4 (Prop_carry4_CI_O[3])
                                                      0.315     9.757 r  vga_inst/v_compteur_inst/vgaBlue_OBUF[2]_inst_i_22/O[3]
                         net (fo=4, routed)           0.886    10.643    vga_inst/v_compteur_inst/vgaBlue_OBUF[2]_inst_i_22_n_4
    SLICE_X7Y23          LUT3 (Prop_lut3_I2_O)        0.307    10.950 r  vga_inst/v_compteur_inst/vgaBlue_OBUF[2]_inst_i_18/O
                         net (fo=1, routed)           0.000    10.950    vga_inst/v_compteur_inst/vgaBlue_OBUF[2]_inst_i_18_n_0
    SLICE_X7Y23          CARRY4 (Prop_carry4_S[2]_O[3])
                                                      0.352    11.302 f  vga_inst/v_compteur_inst/vgaBlue_OBUF[2]_inst_i_13/O[3]
                         net (fo=12, routed)          2.014    13.316    vga_inst/v_compteur_inst/vgaBlue_OBUF[2]_inst_i_13_n_4
    SLICE_X11Y25         LUT5 (Prop_lut5_I3_O)        0.306    13.622 r  vga_inst/v_compteur_inst/vgaBlue_OBUF[3]_inst_i_36/O
                         net (fo=12, routed)          1.210    14.832    vga_inst/v_compteur_inst/compteur_reg[4]_0[0]
    SLICE_X11Y22         LUT5 (Prop_lut5_I2_O)        0.124    14.956 r  vga_inst/v_compteur_inst/vgaRed_OBUF[3]_inst_i_115/O
                         net (fo=1, routed)           0.000    14.956    vga_inst/h_compteur_inst/vgaRed_OBUF[3]_inst_i_72_0[1]
    SLICE_X11Y22         CARRY4 (Prop_carry4_S[2]_CO[3])
                                                      0.398    15.354 r  vga_inst/h_compteur_inst/vgaRed_OBUF[3]_inst_i_92/CO[3]
                         net (fo=1, routed)           0.000    15.354    vga_inst/h_compteur_inst/vgaRed_OBUF[3]_inst_i_92_n_0
    SLICE_X11Y23         CARRY4 (Prop_carry4_CI_O[1])
                                                      0.334    15.688 f  vga_inst/h_compteur_inst/vgaRed_OBUF[3]_inst_i_72/O[1]
                         net (fo=2, routed)           0.844    16.532    vga_inst/h_compteur_inst/render_inst/vgaRed2[7]
    SLICE_X12Y23         LUT2 (Prop_lut2_I1_O)        0.303    16.835 r  vga_inst/h_compteur_inst/vgaRed_OBUF[3]_inst_i_44/O
                         net (fo=1, routed)           0.000    16.835    vga_inst/h_compteur_inst/vgaRed_OBUF[3]_inst_i_44_n_0
    SLICE_X12Y23         CARRY4 (Prop_carry4_S[0]_CO[2])
                                                      0.538    17.373 f  vga_inst/h_compteur_inst/vgaRed_OBUF[3]_inst_i_26/CO[2]
                         net (fo=1, routed)           0.633    18.006    vga_inst/h_compteur_inst/vgaRed_OBUF[3]_inst_i_26_n_1
    SLICE_X10Y20         LUT6 (Prop_lut6_I5_O)        0.310    18.316 r  vga_inst/h_compteur_inst/vgaRed_OBUF[3]_inst_i_11/O
                         net (fo=10, routed)          1.359    19.674    vga_inst/h_compteur_inst/vgaRed_OBUF[3]_inst_i_11_n_0
    SLICE_X9Y31          LUT6 (Prop_lut6_I2_O)        0.124    19.798 r  vga_inst/h_compteur_inst/vgaGreen_OBUF[1]_inst_i_2/O
                         net (fo=1, routed)           0.729    20.528    vga_inst/h_compteur_inst/vgaGreen_OBUF[1]_inst_i_2_n_0
    SLICE_X8Y31          LUT4 (Prop_lut4_I0_O)        0.124    20.652 r  vga_inst/h_compteur_inst/vgaGreen_OBUF[1]_inst_i_1/O
                         net (fo=1, routed)           2.145    22.797    vgaGreen_OBUF[1]
    H17                  OBUF (Prop_obuf_I_O)         3.505    26.302 r  vgaGreen_OBUF[1]_inst/O
                         net (fo=0)                   0.000    26.302    vgaGreen[1]
    H17                                                               r  vgaGreen[1] (OUT)
  -------------------------------------------------------------------    -------------------

Slack:                    inf
  Source:                 vga_inst/v_compteur_inst/compteur_reg[2]/C
                            (rising edge-triggered cell FDRE clocked by sys_clk_pin  {rise@0.000ns fall@5.000ns period=10.000ns})
  Destination:            vgaBlue[0]
                            (output port)
  Path Group:             (none)
  Path Type:              Max at Slow Process Corner
  Data Path Delay:        21.214ns  (logic 8.048ns (37.939%)  route 13.166ns (62.061%))
  Logic Levels:           15  (CARRY4=6 LUT2=2 LUT3=1 LUT5=4 LUT6=1 OBUF=1)
  Clock Uncertainty:      0.025ns  ((TSJ^2 + TIJ^2)^1/2 + DJ) / 2 + PE
    Total System Jitter     (TSJ):    0.050ns
    Total Input Jitter      (TIJ):    0.000ns
    Discrete Jitter          (DJ):    0.000ns
    Phase Error              (PE):    0.000ns

    Location             Delay type                Incr(ns)  Path(ns)    Netlist Resource(s)
  -------------------------------------------------------------------    -------------------
                         (clock sys_clk_pin rise edge)
                                                      0.000     0.000 r  
    W5                                                0.000     0.000 r  clk (IN)
                         net (fo=0)                   0.000     0.000    clk
    W5                   IBUF (Prop_ibuf_I_O)         1.458     1.458 r  clk_IBUF_inst/O
                         net (fo=1, routed)           1.967     3.425    clk_IBUF
    BUFGCTRL_X0Y0        BUFG (Prop_bufg_I_O)         0.096     3.521 r  clk_IBUF_BUFG_inst/O
                         net (fo=531, routed)         1.555     5.076    vga_inst/v_compteur_inst/clk_IBUF_BUFG
    SLICE_X8Y28          FDRE                                         r  vga_inst/v_compteur_inst/compteur_reg[2]/C
  -------------------------------------------------------------------    -------------------
    SLICE_X8Y28          FDRE (Prop_fdre_C_Q)         0.518     5.594 r  vga_inst/v_compteur_inst/compteur_reg[2]/Q
                         net (fo=56, routed)          3.348     8.942    vga_inst/v_compteur_inst/Q[2]
    SLICE_X6Y22          LUT2 (Prop_lut2_I1_O)        0.124     9.066 r  vga_inst/v_compteur_inst/vgaBlue_OBUF[2]_inst_i_27/O
                         net (fo=1, routed)           0.000     9.066    vga_inst/v_compteur_inst/vgaBlue_OBUF[2]_inst_i_27_n_0
    SLICE_X6Y22          CARRY4 (Prop_carry4_S[3]_CO[3])
                                                      0.376     9.442 r  vga_inst/v_compteur_inst/vgaBlue_OBUF[2]_inst_i_23/CO[3]
                         net (fo=1, routed)           0.000     9.442    vga_inst/v_compteur_inst/vgaBlue_OBUF[2]_inst_i_23_n_0
    SLICE_X6Y23          CARRY4 (Prop_carry4_CI_O[3])
                                                      0.315     9.757 r  vga_inst/v_compteur_inst/vgaBlue_OBUF[2]_inst_i_22/O[3]
                         net (fo=4, routed)           0.886    10.643    vga_inst/v_compteur_inst/vgaBlue_OBUF[2]_inst_i_22_n_4
    SLICE_X7Y23          LUT3 (Prop_lut3_I2_O)        0.307    10.950 r  vga_inst/v_compteur_inst/vgaBlue_OBUF[2]_inst_i_18/O
                         net (fo=1, routed)           0.000    10.950    vga_inst/v_compteur_inst/vgaBlue_OBUF[2]_inst_i_18_n_0
    SLICE_X7Y23          CARRY4 (Prop_carry4_S[2]_O[3])
                                                      0.352    11.302 f  vga_inst/v_compteur_inst/vgaBlue_OBUF[2]_inst_i_13/O[3]
                         net (fo=12, routed)          2.014    13.316    vga_inst/v_compteur_inst/vgaBlue_OBUF[2]_inst_i_13_n_4
    SLICE_X11Y25         LUT5 (Prop_lut5_I3_O)        0.306    13.622 r  vga_inst/v_compteur_inst/vgaBlue_OBUF[3]_inst_i_36/O
                         net (fo=12, routed)          1.210    14.832    vga_inst/v_compteur_inst/compteur_reg[4]_0[0]
    SLICE_X11Y22         LUT5 (Prop_lut5_I2_O)        0.124    14.956 r  vga_inst/v_compteur_inst/vgaRed_OBUF[3]_inst_i_115/O
                         net (fo=1, routed)           0.000    14.956    vga_inst/h_compteur_inst/vgaRed_OBUF[3]_inst_i_72_0[1]
    SLICE_X11Y22         CARRY4 (Prop_carry4_S[2]_CO[3])
                                                      0.398    15.354 r  vga_inst/h_compteur_inst/vgaRed_OBUF[3]_inst_i_92/CO[3]
                         net (fo=1, routed)           0.000    15.354    vga_inst/h_compteur_inst/vgaRed_OBUF[3]_inst_i_92_n_0
    SLICE_X11Y23         CARRY4 (Prop_carry4_CI_O[1])
                                                      0.334    15.688 f  vga_inst/h_compteur_inst/vgaRed_OBUF[3]_inst_i_72/O[1]
                         net (fo=2, routed)           0.844    16.532    vga_inst/h_compteur_inst/render_inst/vgaRed2[7]
    SLICE_X12Y23         LUT2 (Prop_lut2_I1_O)        0.303    16.835 r  vga_inst/h_compteur_inst/vgaRed_OBUF[3]_inst_i_44/O
                         net (fo=1, routed)           0.000    16.835    vga_inst/h_compteur_inst/vgaRed_OBUF[3]_inst_i_44_n_0
    SLICE_X12Y23         CARRY4 (Prop_carry4_S[0]_CO[2])
                                                      0.538    17.373 f  vga_inst/h_compteur_inst/vgaRed_OBUF[3]_inst_i_26/CO[2]
                         net (fo=1, routed)           0.633    18.006    vga_inst/h_compteur_inst/vgaRed_OBUF[3]_inst_i_26_n_1
    SLICE_X10Y20         LUT6 (Prop_lut6_I5_O)        0.310    18.316 r  vga_inst/h_compteur_inst/vgaRed_OBUF[3]_inst_i_11/O
                         net (fo=10, routed)          1.359    19.675    vga_inst/h_compteur_inst/vgaRed_OBUF[3]_inst_i_11_n_0
    SLICE_X9Y30          LUT5 (Prop_lut5_I4_O)        0.124    19.799 r  vga_inst/h_compteur_inst/vgaBlue_OBUF[0]_inst_i_2/O
                         net (fo=1, routed)           0.936    20.735    vga_inst/h_compteur_inst/blue_rendu[0]
    SLICE_X8Y31          LUT5 (Prop_lut5_I1_O)        0.124    20.859 r  vga_inst/h_compteur_inst/vgaBlue_OBUF[0]_inst_i_1/O
                         net (fo=1, routed)           1.936    22.795    vgaBlue_OBUF[0]
    N18                  OBUF (Prop_obuf_I_O)         3.495    26.290 r  vgaBlue_OBUF[0]_inst/O
                         net (fo=0)                   0.000    26.290    vgaBlue[0]
    N18                                                               r  vgaBlue[0] (OUT)
  -------------------------------------------------------------------    -------------------

Slack:                    inf
  Source:                 vga_inst/v_compteur_inst/compteur_reg[2]/C
                            (rising edge-triggered cell FDRE clocked by sys_clk_pin  {rise@0.000ns fall@5.000ns period=10.000ns})
  Destination:            vgaRed[0]
                            (output port)
  Path Group:             (none)
  Path Type:              Max at Slow Process Corner
  Data Path Delay:        21.060ns  (logic 8.077ns (38.352%)  route 12.983ns (61.648%))
  Logic Levels:           15  (CARRY4=6 LUT2=2 LUT3=1 LUT5=2 LUT6=3 OBUF=1)
  Clock Uncertainty:      0.025ns  ((TSJ^2 + TIJ^2)^1/2 + DJ) / 2 + PE
    Total System Jitter     (TSJ):    0.050ns
    Total Input Jitter      (TIJ):    0.000ns
    Discrete Jitter          (DJ):    0.000ns
    Phase Error              (PE):    0.000ns

    Location             Delay type                Incr(ns)  Path(ns)    Netlist Resource(s)
  -------------------------------------------------------------------    -------------------
                         (clock sys_clk_pin rise edge)
                                                      0.000     0.000 r  
    W5                                                0.000     0.000 r  clk (IN)
                         net (fo=0)                   0.000     0.000    clk
    W5                   IBUF (Prop_ibuf_I_O)         1.458     1.458 r  clk_IBUF_inst/O
                         net (fo=1, routed)           1.967     3.425    clk_IBUF
    BUFGCTRL_X0Y0        BUFG (Prop_bufg_I_O)         0.096     3.521 r  clk_IBUF_BUFG_inst/O
                         net (fo=531, routed)         1.555     5.076    vga_inst/v_compteur_inst/clk_IBUF_BUFG
    SLICE_X8Y28          FDRE                                         r  vga_inst/v_compteur_inst/compteur_reg[2]/C
  -------------------------------------------------------------------    -------------------
    SLICE_X8Y28          FDRE (Prop_fdre_C_Q)         0.518     5.594 r  vga_inst/v_compteur_inst/compteur_reg[2]/Q
                         net (fo=56, routed)          3.348     8.942    vga_inst/v_compteur_inst/Q[2]
    SLICE_X6Y22          LUT2 (Prop_lut2_I1_O)        0.124     9.066 r  vga_inst/v_compteur_inst/vgaBlue_OBUF[2]_inst_i_27/O
                         net (fo=1, routed)           0.000     9.066    vga_inst/v_compteur_inst/vgaBlue_OBUF[2]_inst_i_27_n_0
    SLICE_X6Y22          CARRY4 (Prop_carry4_S[3]_CO[3])
                                                      0.376     9.442 r  vga_inst/v_compteur_inst/vgaBlue_OBUF[2]_inst_i_23/CO[3]
                         net (fo=1, routed)           0.000     9.442    vga_inst/v_compteur_inst/vgaBlue_OBUF[2]_inst_i_23_n_0
    SLICE_X6Y23          CARRY4 (Prop_carry4_CI_O[3])
                                                      0.315     9.757 r  vga_inst/v_compteur_inst/vgaBlue_OBUF[2]_inst_i_22/O[3]
                         net (fo=4, routed)           0.886    10.643    vga_inst/v_compteur_inst/vgaBlue_OBUF[2]_inst_i_22_n_4
    SLICE_X7Y23          LUT3 (Prop_lut3_I2_O)        0.307    10.950 r  vga_inst/v_compteur_inst/vgaBlue_OBUF[2]_inst_i_18/O
                         net (fo=1, routed)           0.000    10.950    vga_inst/v_compteur_inst/vgaBlue_OBUF[2]_inst_i_18_n_0
    SLICE_X7Y23          CARRY4 (Prop_carry4_S[2]_O[3])
                                                      0.352    11.302 f  vga_inst/v_compteur_inst/vgaBlue_OBUF[2]_inst_i_13/O[3]
                         net (fo=12, routed)          2.014    13.316    vga_inst/v_compteur_inst/vgaBlue_OBUF[2]_inst_i_13_n_4
    SLICE_X11Y25         LUT5 (Prop_lut5_I3_O)        0.306    13.622 r  vga_inst/v_compteur_inst/vgaBlue_OBUF[3]_inst_i_36/O
                         net (fo=12, routed)          1.210    14.832    vga_inst/v_compteur_inst/compteur_reg[4]_0[0]
    SLICE_X11Y22         LUT5 (Prop_lut5_I2_O)        0.124    14.956 r  vga_inst/v_compteur_inst/vgaRed_OBUF[3]_inst_i_115/O
                         net (fo=1, routed)           0.000    14.956    vga_inst/h_compteur_inst/vgaRed_OBUF[3]_inst_i_72_0[1]
    SLICE_X11Y22         CARRY4 (Prop_carry4_S[2]_CO[3])
                                                      0.398    15.354 r  vga_inst/h_compteur_inst/vgaRed_OBUF[3]_inst_i_92/CO[3]
                         net (fo=1, routed)           0.000    15.354    vga_inst/h_compteur_inst/vgaRed_OBUF[3]_inst_i_92_n_0
    SLICE_X11Y23         CARRY4 (Prop_carry4_CI_O[1])
                                                      0.334    15.688 f  vga_inst/h_compteur_inst/vgaRed_OBUF[3]_inst_i_72/O[1]
                         net (fo=2, routed)           0.844    16.532    vga_inst/h_compteur_inst/render_inst/vgaRed2[7]
    SLICE_X12Y23         LUT2 (Prop_lut2_I1_O)        0.303    16.835 r  vga_inst/h_compteur_inst/vgaRed_OBUF[3]_inst_i_44/O
                         net (fo=1, routed)           0.000    16.835    vga_inst/h_compteur_inst/vgaRed_OBUF[3]_inst_i_44_n_0
    SLICE_X12Y23         CARRY4 (Prop_carry4_S[0]_CO[2])
                                                      0.538    17.373 r  vga_inst/h_compteur_inst/vgaRed_OBUF[3]_inst_i_26/CO[2]
                         net (fo=1, routed)           0.633    18.006    vga_inst/h_compteur_inst/vgaRed_OBUF[3]_inst_i_26_n_1
    SLICE_X10Y20         LUT6 (Prop_lut6_I5_O)        0.310    18.316 f  vga_inst/h_compteur_inst/vgaRed_OBUF[3]_inst_i_11/O
                         net (fo=10, routed)          1.356    19.672    vga_inst/h_compteur_inst/vgaRed_OBUF[3]_inst_i_11_n_0
    SLICE_X8Y30          LUT6 (Prop_lut6_I4_O)        0.124    19.796 r  vga_inst/h_compteur_inst/vgaRed_OBUF[0]_inst_i_3/O
                         net (fo=1, routed)           0.627    20.422    vga_inst/v_compteur_inst/vgaRed[0]
    SLICE_X7Y30          LUT6 (Prop_lut6_I5_O)        0.124    20.546 r  vga_inst/v_compteur_inst/vgaRed_OBUF[0]_inst_i_1/O
                         net (fo=1, routed)           2.066    22.612    vgaRed_OBUF[0]
    G19                  OBUF (Prop_obuf_I_O)         3.524    26.136 r  vgaRed_OBUF[0]_inst/O
                         net (fo=0)                   0.000    26.136    vgaRed[0]
    G19                                                               r  vgaRed[0] (OUT)
  -------------------------------------------------------------------    -------------------

Slack:                    inf
  Source:                 vga_inst/v_compteur_inst/compteur_reg[2]/C
                            (rising edge-triggered cell FDRE clocked by sys_clk_pin  {rise@0.000ns fall@5.000ns period=10.000ns})
  Destination:            vgaGreen[3]
                            (output port)
  Path Group:             (none)
  Path Type:              Max at Slow Process Corner
  Data Path Delay:        20.839ns  (logic 8.083ns (38.790%)  route 12.755ns (61.210%))
  Logic Levels:           15  (CARRY4=6 LUT2=2 LUT3=1 LUT4=1 LUT5=3 LUT6=1 OBUF=1)
  Clock Uncertainty:      0.025ns  ((TSJ^2 + TIJ^2)^1/2 + DJ) / 2 + PE
    Total System Jitter     (TSJ):    0.050ns
    Total Input Jitter      (TIJ):    0.000ns
    Discrete Jitter          (DJ):    0.000ns
    Phase Error              (PE):    0.000ns

    Location             Delay type                Incr(ns)  Path(ns)    Netlist Resource(s)
  -------------------------------------------------------------------    -------------------
                         (clock sys_clk_pin rise edge)
                                                      0.000     0.000 r  
    W5                                                0.000     0.000 r  clk (IN)
                         net (fo=0)                   0.000     0.000    clk
    W5                   IBUF (Prop_ibuf_I_O)         1.458     1.458 r  clk_IBUF_inst/O
                         net (fo=1, routed)           1.967     3.425    clk_IBUF
    BUFGCTRL_X0Y0        BUFG (Prop_bufg_I_O)         0.096     3.521 r  clk_IBUF_BUFG_inst/O
                         net (fo=531, routed)         1.555     5.076    vga_inst/v_compteur_inst/clk_IBUF_BUFG
    SLICE_X8Y28          FDRE                                         r  vga_inst/v_compteur_inst/compteur_reg[2]/C
  -------------------------------------------------------------------    -------------------
    SLICE_X8Y28          FDRE (Prop_fdre_C_Q)         0.518     5.594 r  vga_inst/v_compteur_inst/compteur_reg[2]/Q
                         net (fo=56, routed)          3.348     8.942    vga_inst/v_compteur_inst/Q[2]
    SLICE_X6Y22          LUT2 (Prop_lut2_I1_O)        0.124     9.066 r  vga_inst/v_compteur_inst/vgaBlue_OBUF[2]_inst_i_27/O
                         net (fo=1, routed)           0.000     9.066    vga_inst/v_compteur_inst/vgaBlue_OBUF[2]_inst_i_27_n_0
    SLICE_X6Y22          CARRY4 (Prop_carry4_S[3]_CO[3])
                                                      0.376     9.442 r  vga_inst/v_compteur_inst/vgaBlue_OBUF[2]_inst_i_23/CO[3]
                         net (fo=1, routed)           0.000     9.442    vga_inst/v_compteur_inst/vgaBlue_OBUF[2]_inst_i_23_n_0
    SLICE_X6Y23          CARRY4 (Prop_carry4_CI_O[3])
                                                      0.315     9.757 r  vga_inst/v_compteur_inst/vgaBlue_OBUF[2]_inst_i_22/O[3]
                         net (fo=4, routed)           0.886    10.643    vga_inst/v_compteur_inst/vgaBlue_OBUF[2]_inst_i_22_n_4
    SLICE_X7Y23          LUT3 (Prop_lut3_I2_O)        0.307    10.950 r  vga_inst/v_compteur_inst/vgaBlue_OBUF[2]_inst_i_18/O
                         net (fo=1, routed)           0.000    10.950    vga_inst/v_compteur_inst/vgaBlue_OBUF[2]_inst_i_18_n_0
    SLICE_X7Y23          CARRY4 (Prop_carry4_S[2]_O[3])
                                                      0.352    11.302 f  vga_inst/v_compteur_inst/vgaBlue_OBUF[2]_inst_i_13/O[3]
                         net (fo=12, routed)          2.014    13.316    vga_inst/v_compteur_inst/vgaBlue_OBUF[2]_inst_i_13_n_4
    SLICE_X11Y25         LUT5 (Prop_lut5_I3_O)        0.306    13.622 r  vga_inst/v_compteur_inst/vgaBlue_OBUF[3]_inst_i_36/O
                         net (fo=12, routed)          1.210    14.832    vga_inst/v_compteur_inst/compteur_reg[4]_0[0]
    SLICE_X11Y22         LUT5 (Prop_lut5_I2_O)        0.124    14.956 r  vga_inst/v_compteur_inst/vgaRed_OBUF[3]_inst_i_115/O
                         net (fo=1, routed)           0.000    14.956    vga_inst/h_compteur_inst/vgaRed_OBUF[3]_inst_i_72_0[1]
    SLICE_X11Y22         CARRY4 (Prop_carry4_S[2]_CO[3])
                                                      0.398    15.354 r  vga_inst/h_compteur_inst/vgaRed_OBUF[3]_inst_i_92/CO[3]
                         net (fo=1, routed)           0.000    15.354    vga_inst/h_compteur_inst/vgaRed_OBUF[3]_inst_i_92_n_0
    SLICE_X11Y23         CARRY4 (Prop_carry4_CI_O[1])
                                                      0.334    15.688 f  vga_inst/h_compteur_inst/vgaRed_OBUF[3]_inst_i_72/O[1]
                         net (fo=2, routed)           0.844    16.532    vga_inst/h_compteur_inst/render_inst/vgaRed2[7]
    SLICE_X12Y23         LUT2 (Prop_lut2_I1_O)        0.303    16.835 r  vga_inst/h_compteur_inst/vgaRed_OBUF[3]_inst_i_44/O
                         net (fo=1, routed)           0.000    16.835    vga_inst/h_compteur_inst/vgaRed_OBUF[3]_inst_i_44_n_0
    SLICE_X12Y23         CARRY4 (Prop_carry4_S[0]_CO[2])
                                                      0.538    17.373 r  vga_inst/h_compteur_inst/vgaRed_OBUF[3]_inst_i_26/CO[2]
                         net (fo=1, routed)           0.633    18.006    vga_inst/h_compteur_inst/vgaRed_OBUF[3]_inst_i_26_n_1
    SLICE_X10Y20         LUT6 (Prop_lut6_I5_O)        0.310    18.316 f  vga_inst/h_compteur_inst/vgaRed_OBUF[3]_inst_i_11/O
                         net (fo=10, routed)          0.852    19.168    vga_inst/h_compteur_inst/vgaRed_OBUF[3]_inst_i_11_n_0
    SLICE_X9Y30          LUT5 (Prop_lut5_I1_O)        0.124    19.292 r  vga_inst/h_compteur_inst/vgaGreen_OBUF[3]_inst_i_2/O
                         net (fo=1, routed)           0.433    19.725    vga_inst/h_compteur_inst/vgaGreen_OBUF[3]_inst_i_2_n_0
    SLICE_X9Y30          LUT4 (Prop_lut4_I0_O)        0.124    19.849 r  vga_inst/h_compteur_inst/vgaGreen_OBUF[3]_inst_i_1/O
                         net (fo=1, routed)           2.536    22.385    vgaGreen_OBUF[3]
    D17                  OBUF (Prop_obuf_I_O)         3.530    25.915 r  vgaGreen_OBUF[3]_inst/O
                         net (fo=0)                   0.000    25.915    vgaGreen[3]
    D17                                                               r  vgaGreen[3] (OUT)
  -------------------------------------------------------------------    -------------------

Slack:                    inf
  Source:                 vga_inst/v_compteur_inst/compteur_reg[2]/C
                            (rising edge-triggered cell FDRE clocked by sys_clk_pin  {rise@0.000ns fall@5.000ns period=10.000ns})
  Destination:            vgaRed[3]
                            (output port)
  Path Group:             (none)
  Path Type:              Max at Slow Process Corner
  Data Path Delay:        20.579ns  (logic 8.055ns (39.145%)  route 12.523ns (60.855%))
  Logic Levels:           15  (CARRY4=6 LUT2=2 LUT3=1 LUT5=2 LUT6=3 OBUF=1)
  Clock Uncertainty:      0.025ns  ((TSJ^2 + TIJ^2)^1/2 + DJ) / 2 + PE
    Total System Jitter     (TSJ):    0.050ns
    Total Input Jitter      (TIJ):    0.000ns
    Discrete Jitter          (DJ):    0.000ns
    Phase Error              (PE):    0.000ns

    Location             Delay type                Incr(ns)  Path(ns)    Netlist Resource(s)
  -------------------------------------------------------------------    -------------------
                         (clock sys_clk_pin rise edge)
                                                      0.000     0.000 r  
    W5                                                0.000     0.000 r  clk (IN)
                         net (fo=0)                   0.000     0.000    clk
    W5                   IBUF (Prop_ibuf_I_O)         1.458     1.458 r  clk_IBUF_inst/O
                         net (fo=1, routed)           1.967     3.425    clk_IBUF
    BUFGCTRL_X0Y0        BUFG (Prop_bufg_I_O)         0.096     3.521 r  clk_IBUF_BUFG_inst/O
                         net (fo=531, routed)         1.555     5.076    vga_inst/v_compteur_inst/clk_IBUF_BUFG
    SLICE_X8Y28          FDRE                                         r  vga_inst/v_compteur_inst/compteur_reg[2]/C
  -------------------------------------------------------------------    -------------------
    SLICE_X8Y28          FDRE (Prop_fdre_C_Q)         0.518     5.594 r  vga_inst/v_compteur_inst/compteur_reg[2]/Q
                         net (fo=56, routed)          3.348     8.942    vga_inst/v_compteur_inst/Q[2]
    SLICE_X6Y22          LUT2 (Prop_lut2_I1_O)        0.124     9.066 r  vga_inst/v_compteur_inst/vgaBlue_OBUF[2]_inst_i_27/O
                         net (fo=1, routed)           0.000     9.066    vga_inst/v_compteur_inst/vgaBlue_OBUF[2]_inst_i_27_n_0
    SLICE_X6Y22          CARRY4 (Prop_carry4_S[3]_CO[3])
                                                      0.376     9.442 r  vga_inst/v_compteur_inst/vgaBlue_OBUF[2]_inst_i_23/CO[3]
                         net (fo=1, routed)           0.000     9.442    vga_inst/v_compteur_inst/vgaBlue_OBUF[2]_inst_i_23_n_0
    SLICE_X6Y23          CARRY4 (Prop_carry4_CI_O[3])
                                                      0.315     9.757 r  vga_inst/v_compteur_inst/vgaBlue_OBUF[2]_inst_i_22/O[3]
                         net (fo=4, routed)           0.886    10.643    vga_inst/v_compteur_inst/vgaBlue_OBUF[2]_inst_i_22_n_4
    SLICE_X7Y23          LUT3 (Prop_lut3_I2_O)        0.307    10.950 r  vga_inst/v_compteur_inst/vgaBlue_OBUF[2]_inst_i_18/O
                         net (fo=1, routed)           0.000    10.950    vga_inst/v_compteur_inst/vgaBlue_OBUF[2]_inst_i_18_n_0
    SLICE_X7Y23          CARRY4 (Prop_carry4_S[2]_O[3])
                                                      0.352    11.302 f  vga_inst/v_compteur_inst/vgaBlue_OBUF[2]_inst_i_13/O[3]
                         net (fo=12, routed)          2.014    13.316    vga_inst/v_compteur_inst/vgaBlue_OBUF[2]_inst_i_13_n_4
    SLICE_X11Y25         LUT5 (Prop_lut5_I3_O)        0.306    13.622 r  vga_inst/v_compteur_inst/vgaBlue_OBUF[3]_inst_i_36/O
                         net (fo=12, routed)          1.210    14.832    vga_inst/v_compteur_inst/compteur_reg[4]_0[0]
    SLICE_X11Y22         LUT5 (Prop_lut5_I2_O)        0.124    14.956 r  vga_inst/v_compteur_inst/vgaRed_OBUF[3]_inst_i_115/O
                         net (fo=1, routed)           0.000    14.956    vga_inst/h_compteur_inst/vgaRed_OBUF[3]_inst_i_72_0[1]
    SLICE_X11Y22         CARRY4 (Prop_carry4_S[2]_CO[3])
                                                      0.398    15.354 r  vga_inst/h_compteur_inst/vgaRed_OBUF[3]_inst_i_92/CO[3]
                         net (fo=1, routed)           0.000    15.354    vga_inst/h_compteur_inst/vgaRed_OBUF[3]_inst_i_92_n_0
    SLICE_X11Y23         CARRY4 (Prop_carry4_CI_O[1])
                                                      0.334    15.688 f  vga_inst/h_compteur_inst/vgaRed_OBUF[3]_inst_i_72/O[1]
                         net (fo=2, routed)           0.844    16.532    vga_inst/h_compteur_inst/render_inst/vgaRed2[7]
    SLICE_X12Y23         LUT2 (Prop_lut2_I1_O)        0.303    16.835 r  vga_inst/h_compteur_inst/vgaRed_OBUF[3]_inst_i_44/O
                         net (fo=1, routed)           0.000    16.835    vga_inst/h_compteur_inst/vgaRed_OBUF[3]_inst_i_44_n_0
    SLICE_X12Y23         CARRY4 (Prop_carry4_S[0]_CO[2])
                                                      0.538    17.373 r  vga_inst/h_compteur_inst/vgaRed_OBUF[3]_inst_i_26/CO[2]
                         net (fo=1, routed)           0.633    18.006    vga_inst/h_compteur_inst/vgaRed_OBUF[3]_inst_i_26_n_1
    SLICE_X10Y20         LUT6 (Prop_lut6_I5_O)        0.310    18.316 f  vga_inst/h_compteur_inst/vgaRed_OBUF[3]_inst_i_11/O
                         net (fo=10, routed)          0.842    19.157    vga_inst/h_compteur_inst/vgaRed_OBUF[3]_inst_i_11_n_0
    SLICE_X8Y29          LUT6 (Prop_lut6_I3_O)        0.124    19.281 r  vga_inst/h_compteur_inst/vgaRed_OBUF[3]_inst_i_5/O
                         net (fo=1, routed)           0.831    20.113    vga_inst/v_compteur_inst/vgaRed[3]
    SLICE_X8Y30          LUT6 (Prop_lut6_I4_O)        0.124    20.237 r  vga_inst/v_compteur_inst/vgaRed_OBUF[3]_inst_i_1/O
                         net (fo=1, routed)           1.916    22.152    vgaRed_OBUF[3]
    N19                  OBUF (Prop_obuf_I_O)         3.502    25.655 r  vgaRed_OBUF[3]_inst/O
                         net (fo=0)                   0.000    25.655    vgaRed[3]
    N19                                                               r  vgaRed[3] (OUT)
  -------------------------------------------------------------------    -------------------

Slack:                    inf
  Source:                 vga_inst/v_compteur_inst/compteur_reg[2]/C
                            (rising edge-triggered cell FDRE clocked by sys_clk_pin  {rise@0.000ns fall@5.000ns period=10.000ns})
  Destination:            vgaBlue[2]
                            (output port)
  Path Group:             (none)
  Path Type:              Max at Slow Process Corner
  Data Path Delay:        20.415ns  (logic 8.072ns (39.539%)  route 12.343ns (60.461%))
  Logic Levels:           15  (CARRY4=6 LUT2=2 LUT3=1 LUT5=3 LUT6=2 OBUF=1)
  Clock Uncertainty:      0.025ns  ((TSJ^2 + TIJ^2)^1/2 + DJ) / 2 + PE
    Total System Jitter     (TSJ):    0.050ns
    Total Input Jitter      (TIJ):    0.000ns
    Discrete Jitter          (DJ):    0.000ns
    Phase Error              (PE):    0.000ns

    Location             Delay type                Incr(ns)  Path(ns)    Netlist Resource(s)
  -------------------------------------------------------------------    -------------------
                         (clock sys_clk_pin rise edge)
                                                      0.000     0.000 r  
    W5                                                0.000     0.000 r  clk (IN)
                         net (fo=0)                   0.000     0.000    clk
    W5                   IBUF (Prop_ibuf_I_O)         1.458     1.458 r  clk_IBUF_inst/O
                         net (fo=1, routed)           1.967     3.425    clk_IBUF
    BUFGCTRL_X0Y0        BUFG (Prop_bufg_I_O)         0.096     3.521 r  clk_IBUF_BUFG_inst/O
                         net (fo=531, routed)         1.555     5.076    vga_inst/v_compteur_inst/clk_IBUF_BUFG
    SLICE_X8Y28          FDRE                                         r  vga_inst/v_compteur_inst/compteur_reg[2]/C
  -------------------------------------------------------------------    -------------------
    SLICE_X8Y28          FDRE (Prop_fdre_C_Q)         0.518     5.594 r  vga_inst/v_compteur_inst/compteur_reg[2]/Q
                         net (fo=56, routed)          3.348     8.942    vga_inst/v_compteur_inst/Q[2]
    SLICE_X6Y22          LUT2 (Prop_lut2_I1_O)        0.124     9.066 r  vga_inst/v_compteur_inst/vgaBlue_OBUF[2]_inst_i_27/O
                         net (fo=1, routed)           0.000     9.066    vga_inst/v_compteur_inst/vgaBlue_OBUF[2]_inst_i_27_n_0
    SLICE_X6Y22          CARRY4 (Prop_carry4_S[3]_CO[3])
                                                      0.376     9.442 r  vga_inst/v_compteur_inst/vgaBlue_OBUF[2]_inst_i_23/CO[3]
                         net (fo=1, routed)           0.000     9.442    vga_inst/v_compteur_inst/vgaBlue_OBUF[2]_inst_i_23_n_0
    SLICE_X6Y23          CARRY4 (Prop_carry4_CI_O[3])
                                                      0.315     9.757 r  vga_inst/v_compteur_inst/vgaBlue_OBUF[2]_inst_i_22/O[3]
                         net (fo=4, routed)           0.886    10.643    vga_inst/v_compteur_inst/vgaBlue_OBUF[2]_inst_i_22_n_4
    SLICE_X7Y23          LUT3 (Prop_lut3_I2_O)        0.307    10.950 r  vga_inst/v_compteur_inst/vgaBlue_OBUF[2]_inst_i_18/O
                         net (fo=1, routed)           0.000    10.950    vga_inst/v_compteur_inst/vgaBlue_OBUF[2]_inst_i_18_n_0
    SLICE_X7Y23          CARRY4 (Prop_carry4_S[2]_O[3])
                                                      0.352    11.302 f  vga_inst/v_compteur_inst/vgaBlue_OBUF[2]_inst_i_13/O[3]
                         net (fo=12, routed)          2.014    13.316    vga_inst/v_compteur_inst/vgaBlue_OBUF[2]_inst_i_13_n_4
    SLICE_X11Y25         LUT5 (Prop_lut5_I3_O)        0.306    13.622 r  vga_inst/v_compteur_inst/vgaBlue_OBUF[3]_inst_i_36/O
                         net (fo=12, routed)          1.210    14.832    vga_inst/v_compteur_inst/compteur_reg[4]_0[0]
    SLICE_X11Y22         LUT5 (Prop_lut5_I2_O)        0.124    14.956 r  vga_inst/v_compteur_inst/vgaRed_OBUF[3]_inst_i_115/O
                         net (fo=1, routed)           0.000    14.956    vga_inst/h_compteur_inst/vgaRed_OBUF[3]_inst_i_72_0[1]
    SLICE_X11Y22         CARRY4 (Prop_carry4_S[2]_CO[3])
                                                      0.398    15.354 r  vga_inst/h_compteur_inst/vgaRed_OBUF[3]_inst_i_92/CO[3]
                         net (fo=1, routed)           0.000    15.354    vga_inst/h_compteur_inst/vgaRed_OBUF[3]_inst_i_92_n_0
    SLICE_X11Y23         CARRY4 (Prop_carry4_CI_O[1])
                                                      0.334    15.688 f  vga_inst/h_compteur_inst/vgaRed_OBUF[3]_inst_i_72/O[1]
                         net (fo=2, routed)           0.844    16.532    vga_inst/h_compteur_inst/render_inst/vgaRed2[7]
    SLICE_X12Y23         LUT2 (Prop_lut2_I1_O)        0.303    16.835 r  vga_inst/h_compteur_inst/vgaRed_OBUF[3]_inst_i_44/O
                         net (fo=1, routed)           0.000    16.835    vga_inst/h_compteur_inst/vgaRed_OBUF[3]_inst_i_44_n_0
    SLICE_X12Y23         CARRY4 (Prop_carry4_S[0]_CO[2])
                                                      0.538    17.373 f  vga_inst/h_compteur_inst/vgaRed_OBUF[3]_inst_i_26/CO[2]
                         net (fo=1, routed)           0.633    18.006    vga_inst/h_compteur_inst/vgaRed_OBUF[3]_inst_i_26_n_1
    SLICE_X10Y20         LUT6 (Prop_lut6_I5_O)        0.310    18.316 r  vga_inst/h_compteur_inst/vgaRed_OBUF[3]_inst_i_11/O
                         net (fo=10, routed)          0.979    19.295    vga_inst/h_compteur_inst/vgaRed_OBUF[3]_inst_i_11_n_0
    SLICE_X9Y29          LUT6 (Prop_lut6_I5_O)        0.124    19.419 r  vga_inst/h_compteur_inst/vgaBlue_OBUF[2]_inst_i_2/O
                         net (fo=1, routed)           0.305    19.724    vga_inst/h_compteur_inst/blue_rendu[2]
    SLICE_X8Y31          LUT5 (Prop_lut5_I1_O)        0.124    19.848 r  vga_inst/h_compteur_inst/vgaBlue_OBUF[2]_inst_i_1/O
                         net (fo=2, routed)           2.124    21.972    vgaBlue_OBUF[1]
    K18                  OBUF (Prop_obuf_I_O)         3.519    25.491 r  vgaBlue_OBUF[2]_inst/O
                         net (fo=0)                   0.000    25.491    vgaBlue[2]
    K18                                                               r  vgaBlue[2] (OUT)
  -------------------------------------------------------------------    -------------------





Min Delay Paths
--------------------------------------------------------------------------------------
Slack:                    inf
  Source:                 laby_top/laby_inst/gen_done_reg_lopt_replica/C
                            (rising edge-triggered cell FDRE clocked by sys_clk_pin  {rise@0.000ns fall@5.000ns period=10.000ns})
  Destination:            led0
                            (output port)
  Path Group:             (none)
  Path Type:              Min at Fast Process Corner
  Data Path Delay:        1.872ns  (logic 1.347ns (71.941%)  route 0.525ns (28.059%))
  Logic Levels:           1  (OBUF=1)
  Clock Uncertainty:      0.025ns  ((TSJ^2 + TIJ^2)^1/2 + DJ) / 2 + PE
    Total System Jitter     (TSJ):    0.050ns
    Total Input Jitter      (TIJ):    0.000ns
    Discrete Jitter          (DJ):    0.000ns
    Phase Error              (PE):    0.000ns

    Location             Delay type                Incr(ns)  Path(ns)    Netlist Resource(s)
  -------------------------------------------------------------------    -------------------
                         (clock sys_clk_pin rise edge)
                                                      0.000     0.000 r  
    W5                                                0.000     0.000 r  clk (IN)
                         net (fo=0)                   0.000     0.000    clk
    W5                   IBUF (Prop_ibuf_I_O)         0.226     0.226 r  clk_IBUF_inst/O
                         net (fo=1, routed)           0.631     0.858    clk_IBUF
    BUFGCTRL_X0Y0        BUFG (Prop_bufg_I_O)         0.026     0.884 r  clk_IBUF_BUFG_inst/O
                         net (fo=531, routed)         0.586     1.469    laby_top/laby_inst/clk_IBUF_BUFG
    SLICE_X4Y18          FDRE                                         r  laby_top/laby_inst/gen_done_reg_lopt_replica/C
  -------------------------------------------------------------------    -------------------
    SLICE_X4Y18          FDRE (Prop_fdre_C_Q)         0.141     1.610 r  laby_top/laby_inst/gen_done_reg_lopt_replica/Q
                         net (fo=1, routed)           0.525     2.135    lopt
    U16                  OBUF (Prop_obuf_I_O)         1.206     3.341 r  led0_OBUF_inst/O
                         net (fo=0)                   0.000     3.341    led0
    U16                                                               r  led0 (OUT)
  -------------------------------------------------------------------    -------------------

Slack:                    inf
  Source:                 vga_inst/v_compteur_inst/compteur_reg[1]/C
                            (rising edge-triggered cell FDRE clocked by sys_clk_pin  {rise@0.000ns fall@5.000ns period=10.000ns})
  Destination:            Vsync
                            (output port)
  Path Group:             (none)
  Path Type:              Min at Fast Process Corner
  Data Path Delay:        2.039ns  (logic 1.390ns (68.206%)  route 0.648ns (31.794%))
  Logic Levels:           2  (LUT6=1 OBUF=1)
  Clock Uncertainty:      0.025ns  ((TSJ^2 + TIJ^2)^1/2 + DJ) / 2 + PE
    Total System Jitter     (TSJ):    0.050ns
    Total Input Jitter      (TIJ):    0.000ns
    Discrete Jitter          (DJ):    0.000ns
    Phase Error              (PE):    0.000ns

    Location             Delay type                Incr(ns)  Path(ns)    Netlist Resource(s)
  -------------------------------------------------------------------    -------------------
                         (clock sys_clk_pin rise edge)
                                                      0.000     0.000 r  
    W5                                                0.000     0.000 r  clk (IN)
                         net (fo=0)                   0.000     0.000    clk
    W5                   IBUF (Prop_ibuf_I_O)         0.226     0.226 r  clk_IBUF_inst/O
                         net (fo=1, routed)           0.631     0.858    clk_IBUF
    BUFGCTRL_X0Y0        BUFG (Prop_bufg_I_O)         0.026     0.884 r  clk_IBUF_BUFG_inst/O
                         net (fo=531, routed)         0.586     1.469    vga_inst/v_compteur_inst/clk_IBUF_BUFG
    SLICE_X5Y31          FDRE                                         r  vga_inst/v_compteur_inst/compteur_reg[1]/C
  -------------------------------------------------------------------    -------------------
    SLICE_X5Y31          FDRE (Prop_fdre_C_Q)         0.141     1.610 f  vga_inst/v_compteur_inst/compteur_reg[1]/Q
                         net (fo=63, routed)          0.321     1.931    vga_inst/v_compteur_inst/Q[1]
    SLICE_X3Y29          LUT6 (Prop_lut6_I3_O)        0.045     1.976 r  vga_inst/v_compteur_inst/Vsync_OBUF_inst_i_1/O
                         net (fo=1, routed)           0.327     2.303    Vsync_OBUF
    R19                  OBUF (Prop_obuf_I_O)         1.204     3.508 r  Vsync_OBUF_inst/O
                         net (fo=0)                   0.000     3.508    Vsync
    R19                                                               r  Vsync (OUT)
  -------------------------------------------------------------------    -------------------

Slack:                    inf
  Source:                 timer_inst/done_reg/C
                            (rising edge-triggered cell FDRE clocked by sys_clk_pin  {rise@0.000ns fall@5.000ns period=10.000ns})
  Destination:            vgaRed[3]
                            (output port)
  Path Group:             (none)
  Path Type:              Min at Fast Process Corner
  Data Path Delay:        2.143ns  (logic 1.390ns (64.850%)  route 0.753ns (35.150%))
  Logic Levels:           2  (LUT6=1 OBUF=1)
  Clock Uncertainty:      0.025ns  ((TSJ^2 + TIJ^2)^1/2 + DJ) / 2 + PE
    Total System Jitter     (TSJ):    0.050ns
    Total Input Jitter      (TIJ):    0.000ns
    Discrete Jitter          (DJ):    0.000ns
    Phase Error              (PE):    0.000ns

    Location             Delay type                Incr(ns)  Path(ns)    Netlist Resource(s)
  -------------------------------------------------------------------    -------------------
                         (clock sys_clk_pin rise edge)
                                                      0.000     0.000 r  
    W5                                                0.000     0.000 r  clk (IN)
                         net (fo=0)                   0.000     0.000    clk
    W5                   IBUF (Prop_ibuf_I_O)         0.226     0.226 r  clk_IBUF_inst/O
                         net (fo=1, routed)           0.631     0.858    clk_IBUF
    BUFGCTRL_X0Y0        BUFG (Prop_bufg_I_O)         0.026     0.884 r  clk_IBUF_BUFG_inst/O
                         net (fo=531, routed)         0.557     1.440    timer_inst/clk_IBUF_BUFG
    SLICE_X11Y29         FDRE                                         r  timer_inst/done_reg/C
  -------------------------------------------------------------------    -------------------
    SLICE_X11Y29         FDRE (Prop_fdre_C_Q)         0.141     1.581 r  timer_inst/done_reg/Q
                         net (fo=14, routed)          0.282     1.863    vga_inst/v_compteur_inst/game_over
    SLICE_X8Y30          LUT6 (Prop_lut6_I3_O)        0.045     1.908 r  vga_inst/v_compteur_inst/vgaRed_OBUF[3]_inst_i_1/O
                         net (fo=1, routed)           0.472     2.379    vgaRed_OBUF[3]
    N19                  OBUF (Prop_obuf_I_O)         1.204     3.583 r  vgaRed_OBUF[3]_inst/O
                         net (fo=0)                   0.000     3.583    vgaRed[3]
    N19                                                               r  vgaRed[3] (OUT)
  -------------------------------------------------------------------    -------------------

Slack:                    inf
  Source:                 timer_inst/done_reg/C
                            (rising edge-triggered cell FDRE clocked by sys_clk_pin  {rise@0.000ns fall@5.000ns period=10.000ns})
  Destination:            vgaBlue[0]
                            (output port)
  Path Group:             (none)
  Path Type:              Min at Fast Process Corner
  Data Path Delay:        2.151ns  (logic 1.383ns (64.270%)  route 0.769ns (35.730%))
  Logic Levels:           2  (LUT5=1 OBUF=1)
  Clock Uncertainty:      0.025ns  ((TSJ^2 + TIJ^2)^1/2 + DJ) / 2 + PE
    Total System Jitter     (TSJ):    0.050ns
    Total Input Jitter      (TIJ):    0.000ns
    Discrete Jitter          (DJ):    0.000ns
    Phase Error              (PE):    0.000ns

    Location             Delay type                Incr(ns)  Path(ns)    Netlist Resource(s)
  -------------------------------------------------------------------    -------------------
                         (clock sys_clk_pin rise edge)
                                                      0.000     0.000 r  
    W5                                                0.000     0.000 r  clk (IN)
                         net (fo=0)                   0.000     0.000    clk
    W5                   IBUF (Prop_ibuf_I_O)         0.226     0.226 r  clk_IBUF_inst/O
                         net (fo=1, routed)           0.631     0.858    clk_IBUF
    BUFGCTRL_X0Y0        BUFG (Prop_bufg_I_O)         0.026     0.884 r  clk_IBUF_BUFG_inst/O
                         net (fo=531, routed)         0.557     1.440    timer_inst/clk_IBUF_BUFG
    SLICE_X11Y29         FDRE                                         r  timer_inst/done_reg/C
  -------------------------------------------------------------------    -------------------
    SLICE_X11Y29         FDRE (Prop_fdre_C_Q)         0.141     1.581 f  timer_inst/done_reg/Q
                         net (fo=14, routed)          0.293     1.874    vga_inst/h_compteur_inst/game_over
    SLICE_X8Y31          LUT5 (Prop_lut5_I4_O)        0.045     1.919 r  vga_inst/h_compteur_inst/vgaBlue_OBUF[0]_inst_i_1/O
                         net (fo=1, routed)           0.476     2.395    vgaBlue_OBUF[0]
    N18                  OBUF (Prop_obuf_I_O)         1.197     3.591 r  vgaBlue_OBUF[0]_inst/O
                         net (fo=0)                   0.000     3.591    vgaBlue[0]
    N18                                                               r  vgaBlue[0] (OUT)
  -------------------------------------------------------------------    -------------------

Slack:                    inf
  Source:                 vga_inst/h_compteur_inst/compteur_reg[9]/C
                            (rising edge-triggered cell FDRE clocked by sys_clk_pin  {rise@0.000ns fall@5.000ns period=10.000ns})
  Destination:            Hsync
                            (output port)
  Path Group:             (none)
  Path Type:              Min at Fast Process Corner
  Data Path Delay:        2.156ns  (logic 1.384ns (64.171%)  route 0.773ns (35.829%))
  Logic Levels:           2  (LUT6=1 OBUF=1)
  Clock Uncertainty:      0.025ns  ((TSJ^2 + TIJ^2)^1/2 + DJ) / 2 + PE
    Total System Jitter     (TSJ):    0.050ns
    Total Input Jitter      (TIJ):    0.000ns
    Discrete Jitter          (DJ):    0.000ns
    Phase Error              (PE):    0.000ns

    Location             Delay type                Incr(ns)  Path(ns)    Netlist Resource(s)
  -------------------------------------------------------------------    -------------------
                         (clock sys_clk_pin rise edge)
                                                      0.000     0.000 r  
    W5                                                0.000     0.000 r  clk (IN)
                         net (fo=0)                   0.000     0.000    clk
    W5                   IBUF (Prop_ibuf_I_O)         0.226     0.226 r  clk_IBUF_inst/O
                         net (fo=1, routed)           0.631     0.858    clk_IBUF
    BUFGCTRL_X0Y0        BUFG (Prop_bufg_I_O)         0.026     0.884 r  clk_IBUF_BUFG_inst/O
                         net (fo=531, routed)         0.585     1.468    vga_inst/h_compteur_inst/clk_IBUF_BUFG
    SLICE_X0Y28          FDRE                                         r  vga_inst/h_compteur_inst/compteur_reg[9]/C
  -------------------------------------------------------------------    -------------------
    SLICE_X0Y28          FDRE (Prop_fdre_C_Q)         0.141     1.609 f  vga_inst/h_compteur_inst/compteur_reg[9]/Q
                         net (fo=64, routed)          0.325     1.934    vga_inst/h_compteur_inst/Q[8]
    SLICE_X0Y28          LUT6 (Prop_lut6_I4_O)        0.045     1.979 r  vga_inst/h_compteur_inst/Hsync_OBUF_inst_i_1/O
                         net (fo=3, routed)           0.448     2.427    Hsync_OBUF
    P19                  OBUF (Prop_obuf_I_O)         1.198     3.624 r  Hsync_OBUF_inst/O
                         net (fo=0)                   0.000     3.624    Hsync
    P19                                                               r  Hsync (OUT)
  -------------------------------------------------------------------    -------------------

Slack:                    inf
  Source:                 timer_inst/done_reg/C
                            (rising edge-triggered cell FDRE clocked by sys_clk_pin  {rise@0.000ns fall@5.000ns period=10.000ns})
  Destination:            vgaGreen[1]
                            (output port)
  Path Group:             (none)
  Path Type:              Min at Fast Process Corner
  Data Path Delay:        2.249ns  (logic 1.393ns (61.910%)  route 0.857ns (38.090%))
  Logic Levels:           2  (LUT4=1 OBUF=1)
  Clock Uncertainty:      0.025ns  ((TSJ^2 + TIJ^2)^1/2 + DJ) / 2 + PE
    Total System Jitter     (TSJ):    0.050ns
    Total Input Jitter      (TIJ):    0.000ns
    Discrete Jitter          (DJ):    0.000ns
    Phase Error              (PE):    0.000ns

    Location             Delay type                Incr(ns)  Path(ns)    Netlist Resource(s)
  -------------------------------------------------------------------    -------------------
                         (clock sys_clk_pin rise edge)
                                                      0.000     0.000 r  
    W5                                                0.000     0.000 r  clk (IN)
                         net (fo=0)                   0.000     0.000    clk
    W5                   IBUF (Prop_ibuf_I_O)         0.226     0.226 r  clk_IBUF_inst/O
                         net (fo=1, routed)           0.631     0.858    clk_IBUF
    BUFGCTRL_X0Y0        BUFG (Prop_bufg_I_O)         0.026     0.884 r  clk_IBUF_BUFG_inst/O
                         net (fo=531, routed)         0.557     1.440    timer_inst/clk_IBUF_BUFG
    SLICE_X11Y29         FDRE                                         r  timer_inst/done_reg/C
  -------------------------------------------------------------------    -------------------
    SLICE_X11Y29         FDRE (Prop_fdre_C_Q)         0.141     1.581 f  timer_inst/done_reg/Q
                         net (fo=14, routed)          0.289     1.870    vga_inst/h_compteur_inst/game_over
    SLICE_X8Y31          LUT4 (Prop_lut4_I3_O)        0.045     1.915 r  vga_inst/h_compteur_inst/vgaGreen_OBUF[1]_inst_i_1/O
                         net (fo=1, routed)           0.568     2.483    vgaGreen_OBUF[1]
    H17                  OBUF (Prop_obuf_I_O)         1.207     3.690 r  vgaGreen_OBUF[1]_inst/O
                         net (fo=0)                   0.000     3.690    vgaGreen[1]
    H17                                                               r  vgaGreen[1] (OUT)
  -------------------------------------------------------------------    -------------------

Slack:                    inf
  Source:                 timer_inst/done_reg/C
                            (rising edge-triggered cell FDRE clocked by sys_clk_pin  {rise@0.000ns fall@5.000ns period=10.000ns})
  Destination:            vgaBlue[1]
                            (output port)
  Path Group:             (none)
  Path Type:              Min at Fast Process Corner
  Data Path Delay:        2.325ns  (logic 1.391ns (59.819%)  route 0.934ns (40.181%))
  Logic Levels:           2  (LUT5=1 OBUF=1)
  Clock Uncertainty:      0.025ns  ((TSJ^2 + TIJ^2)^1/2 + DJ) / 2 + PE
    Total System Jitter     (TSJ):    0.050ns
    Total Input Jitter      (TIJ):    0.000ns
    Discrete Jitter          (DJ):    0.000ns
    Phase Error              (PE):    0.000ns

    Location             Delay type                Incr(ns)  Path(ns)    Netlist Resource(s)
  -------------------------------------------------------------------    -------------------
                         (clock sys_clk_pin rise edge)
                                                      0.000     0.000 r  
    W5                                                0.000     0.000 r  clk (IN)
                         net (fo=0)                   0.000     0.000    clk
    W5                   IBUF (Prop_ibuf_I_O)         0.226     0.226 r  clk_IBUF_inst/O
                         net (fo=1, routed)           0.631     0.858    clk_IBUF
    BUFGCTRL_X0Y0        BUFG (Prop_bufg_I_O)         0.026     0.884 r  clk_IBUF_BUFG_inst/O
                         net (fo=531, routed)         0.557     1.440    timer_inst/clk_IBUF_BUFG
    SLICE_X11Y29         FDRE                                         r  timer_inst/done_reg/C
  -------------------------------------------------------------------    -------------------
    SLICE_X11Y29         FDRE (Prop_fdre_C_Q)         0.141     1.581 f  timer_inst/done_reg/Q
                         net (fo=14, routed)          0.427     2.008    vga_inst/h_compteur_inst/game_over
    SLICE_X8Y31          LUT5 (Prop_lut5_I4_O)        0.045     2.053 r  vga_inst/h_compteur_inst/vgaBlue_OBUF[2]_inst_i_1/O
                         net (fo=2, routed)           0.507     2.560    vgaBlue_OBUF[1]
    L18                  OBUF (Prop_obuf_I_O)         1.205     3.765 r  vgaBlue_OBUF[1]_inst/O
                         net (fo=0)                   0.000     3.765    vgaBlue[1]
    L18                                                               r  vgaBlue[1] (OUT)
  -------------------------------------------------------------------    -------------------

Slack:                    inf
  Source:                 timer_inst/done_reg/C
                            (rising edge-triggered cell FDRE clocked by sys_clk_pin  {rise@0.000ns fall@5.000ns period=10.000ns})
  Destination:            vgaRed[2]
                            (output port)
  Path Group:             (none)
  Path Type:              Min at Fast Process Corner
  Data Path Delay:        2.336ns  (logic 1.411ns (60.401%)  route 0.925ns (39.599%))
  Logic Levels:           2  (LUT6=1 OBUF=1)
  Clock Uncertainty:      0.025ns  ((TSJ^2 + TIJ^2)^1/2 + DJ) / 2 + PE
    Total System Jitter     (TSJ):    0.050ns
    Total Input Jitter      (TIJ):    0.000ns
    Discrete Jitter          (DJ):    0.000ns
    Phase Error              (PE):    0.000ns

    Location             Delay type                Incr(ns)  Path(ns)    Netlist Resource(s)
  -------------------------------------------------------------------    -------------------
                         (clock sys_clk_pin rise edge)
                                                      0.000     0.000 r  
    W5                                                0.000     0.000 r  clk (IN)
                         net (fo=0)                   0.000     0.000    clk
    W5                   IBUF (Prop_ibuf_I_O)         0.226     0.226 r  clk_IBUF_inst/O
                         net (fo=1, routed)           0.631     0.858    clk_IBUF
    BUFGCTRL_X0Y0        BUFG (Prop_bufg_I_O)         0.026     0.884 r  clk_IBUF_BUFG_inst/O
                         net (fo=531, routed)         0.557     1.440    timer_inst/clk_IBUF_BUFG
    SLICE_X11Y29         FDRE                                         r  timer_inst/done_reg/C
  -------------------------------------------------------------------    -------------------
    SLICE_X11Y29         FDRE (Prop_fdre_C_Q)         0.141     1.581 r  timer_inst/done_reg/Q
                         net (fo=14, routed)          0.320     1.901    vga_inst/v_compteur_inst/game_over
    SLICE_X8Y30          LUT6 (Prop_lut6_I3_O)        0.045     1.946 r  vga_inst/v_compteur_inst/vgaRed_OBUF[2]_inst_i_1/O
                         net (fo=2, routed)           0.605     2.551    vgaRed_OBUF[1]
    J19                  OBUF (Prop_obuf_I_O)         1.225     3.776 r  vgaRed_OBUF[2]_inst/O
                         net (fo=0)                   0.000     3.776    vgaRed[2]
    J19                                                               r  vgaRed[2] (OUT)
  -------------------------------------------------------------------    -------------------

Slack:                    inf
  Source:                 timer_inst/done_reg/C
                            (rising edge-triggered cell FDRE clocked by sys_clk_pin  {rise@0.000ns fall@5.000ns period=10.000ns})
  Destination:            vgaGreen[2]
                            (output port)
  Path Group:             (none)
  Path Type:              Min at Fast Process Corner
  Data Path Delay:        2.364ns  (logic 1.485ns (62.821%)  route 0.879ns (37.179%))
  Logic Levels:           2  (LUT4=1 OBUF=1)
  Clock Uncertainty:      0.025ns  ((TSJ^2 + TIJ^2)^1/2 + DJ) / 2 + PE
    Total System Jitter     (TSJ):    0.050ns
    Total Input Jitter      (TIJ):    0.000ns
    Discrete Jitter          (DJ):    0.000ns
    Phase Error              (PE):    0.000ns

    Location             Delay type                Incr(ns)  Path(ns)    Netlist Resource(s)
  -------------------------------------------------------------------    -------------------
                         (clock sys_clk_pin rise edge)
                                                      0.000     0.000 r  
    W5                                                0.000     0.000 r  clk (IN)
                         net (fo=0)                   0.000     0.000    clk
    W5                   IBUF (Prop_ibuf_I_O)         0.226     0.226 r  clk_IBUF_inst/O
                         net (fo=1, routed)           0.631     0.858    clk_IBUF
    BUFGCTRL_X0Y0        BUFG (Prop_bufg_I_O)         0.026     0.884 r  clk_IBUF_BUFG_inst/O
                         net (fo=531, routed)         0.557     1.440    timer_inst/clk_IBUF_BUFG
    SLICE_X11Y29         FDRE                                         r  timer_inst/done_reg/C
  -------------------------------------------------------------------    -------------------
    SLICE_X11Y29         FDRE (Prop_fdre_C_Q)         0.141     1.581 f  timer_inst/done_reg/Q
                         net (fo=14, routed)          0.289     1.870    vga_inst/h_compteur_inst/game_over
    SLICE_X8Y31          LUT4 (Prop_lut4_I3_O)        0.048     1.918 r  vga_inst/h_compteur_inst/vgaGreen_OBUF[2]_inst_i_1/O
                         net (fo=1, routed)           0.590     2.508    vgaGreen_OBUF[2]
    G17                  OBUF (Prop_obuf_I_O)         1.296     3.804 r  vgaGreen_OBUF[2]_inst/O
                         net (fo=0)                   0.000     3.804    vgaGreen[2]
    G17                                                               r  vgaGreen[2] (OUT)
  -------------------------------------------------------------------    -------------------

Slack:                    inf
  Source:                 joueur_inst/win_reg/C
                            (rising edge-triggered cell FDRE clocked by sys_clk_pin  {rise@0.000ns fall@5.000ns period=10.000ns})
  Destination:            vgaGreen[0]
                            (output port)
  Path Group:             (none)
  Path Type:              Min at Fast Process Corner
  Data Path Delay:        2.390ns  (logic 1.408ns (58.904%)  route 0.982ns (41.096%))
  Logic Levels:           2  (LUT6=1 OBUF=1)
  Clock Uncertainty:      0.025ns  ((TSJ^2 + TIJ^2)^1/2 + DJ) / 2 + PE
    Total System Jitter     (TSJ):    0.050ns
    Total Input Jitter      (TIJ):    0.000ns
    Discrete Jitter          (DJ):    0.000ns
    Phase Error              (PE):    0.000ns

    Location             Delay type                Incr(ns)  Path(ns)    Netlist Resource(s)
  -------------------------------------------------------------------    -------------------
                         (clock sys_clk_pin rise edge)
                                                      0.000     0.000 r  
    W5                                                0.000     0.000 r  clk (IN)
                         net (fo=0)                   0.000     0.000    clk
    W5                   IBUF (Prop_ibuf_I_O)         0.226     0.226 r  clk_IBUF_inst/O
                         net (fo=1, routed)           0.631     0.858    clk_IBUF
    BUFGCTRL_X0Y0        BUFG (Prop_bufg_I_O)         0.026     0.884 r  clk_IBUF_BUFG_inst/O
                         net (fo=531, routed)         0.556     1.439    joueur_inst/clk_IBUF_BUFG
    SLICE_X9Y21          FDRE                                         r  joueur_inst/win_reg/C
  -------------------------------------------------------------------    -------------------
    SLICE_X9Y21          FDRE (Prop_fdre_C_Q)         0.141     1.580 r  joueur_inst/win_reg/Q
                         net (fo=14, routed)          0.421     2.001    vga_inst/h_compteur_inst/win
    SLICE_X8Y30          LUT6 (Prop_lut6_I3_O)        0.045     2.046 r  vga_inst/h_compteur_inst/vgaGreen_OBUF[0]_inst_i_1/O
                         net (fo=1, routed)           0.561     2.607    vgaGreen_OBUF[0]
    J17                  OBUF (Prop_obuf_I_O)         1.222     3.829 r  vgaGreen_OBUF[0]_inst/O
                         net (fo=0)                   0.000     3.829    vgaGreen[0]
    J17                                                               r  vgaGreen[0] (OUT)
  -------------------------------------------------------------------    -------------------





--------------------------------------------------------------------------------------
Path Group:  (none)
From Clock:  
  To Clock:  sys_clk_pin

Max Delay           596 Endpoints
Min Delay           596 Endpoints
--------------------------------------------------------------------------------------


Max Delay Paths
--------------------------------------------------------------------------------------
Slack:                    inf
  Source:                 btnC
                            (input port)
  Destination:            laby_top/laby_inst/direction_courante_reg[1]/D
                            (rising edge-triggered cell FDRE clocked by sys_clk_pin  {rise@0.000ns fall@5.000ns period=10.000ns})
  Path Group:             (none)
  Path Type:              Setup (Max at Slow Process Corner)
  Data Path Delay:        7.881ns  (logic 1.711ns (21.713%)  route 6.170ns (78.287%))
  Logic Levels:           3  (IBUF=1 LUT3=1 LUT6=1)
  Clock Path Skew:        4.858ns (DCD - SCD + CPR)
    Destination Clock Delay (DCD):    4.858ns
    Source Clock Delay      (SCD):    0.000ns
    Clock Pessimism Removal (CPR):    0.000ns
  Clock Uncertainty:      0.025ns  ((TSJ^2 + TIJ^2)^1/2 + DJ) / 2 + PE
    Total System Jitter     (TSJ):    0.050ns
    Total Input Jitter      (TIJ):    0.000ns
    Discrete Jitter          (DJ):    0.000ns
    Phase Error              (PE):    0.000ns

    Location             Delay type                Incr(ns)  Path(ns)    Netlist Resource(s)
  -------------------------------------------------------------------    -------------------
    U18                                               0.000     0.000 f  btnC (IN)
                         net (fo=0)                   0.000     0.000    btnC
    U18                  IBUF (Prop_ibuf_I_O)         1.441     1.441 f  btnC_IBUF_inst/O
                         net (fo=475, routed)         5.375     6.816    laby_top/laby_inst/btnC_IBUF
    SLICE_X5Y5           LUT6 (Prop_lut6_I5_O)        0.124     6.940 r  laby_top/laby_inst/direction_courante[1]_i_2/O
                         net (fo=2, routed)           0.795     7.735    laby_top/laby_inst/direction_courante[1]_i_2_n_0
    SLICE_X6Y5           LUT3 (Prop_lut3_I1_O)        0.146     7.881 r  laby_top/laby_inst/direction_courante[1]_i_1/O
                         net (fo=1, routed)           0.000     7.881    laby_top/laby_inst/direction_courante[1]_i_1_n_0
    SLICE_X6Y5           FDRE                                         r  laby_top/laby_inst/direction_courante_reg[1]/D
  -------------------------------------------------------------------    -------------------

                         (clock sys_clk_pin rise edge)
                                                      0.000     0.000 r  
    W5                                                0.000     0.000 r  clk (IN)
                         net (fo=0)                   0.000     0.000    clk
    W5                   IBUF (Prop_ibuf_I_O)         1.388     1.388 r  clk_IBUF_inst/O
                         net (fo=1, routed)           1.862     3.250    clk_IBUF
    BUFGCTRL_X0Y0        BUFG (Prop_bufg_I_O)         0.091     3.341 r  clk_IBUF_BUFG_inst/O
                         net (fo=531, routed)         1.517     4.858    laby_top/laby_inst/clk_IBUF_BUFG
    SLICE_X6Y5           FDRE                                         r  laby_top/laby_inst/direction_courante_reg[1]/C

Slack:                    inf
  Source:                 btnC
                            (input port)
  Destination:            laby_top/laby_inst/direction_courante_reg[0]/D
                            (rising edge-triggered cell FDRE clocked by sys_clk_pin  {rise@0.000ns fall@5.000ns period=10.000ns})
  Path Group:             (none)
  Path Type:              Setup (Max at Slow Process Corner)
  Data Path Delay:        7.859ns  (logic 1.689ns (21.494%)  route 6.170ns (78.506%))
  Logic Levels:           3  (IBUF=1 LUT3=1 LUT6=1)
  Clock Path Skew:        4.858ns (DCD - SCD + CPR)
    Destination Clock Delay (DCD):    4.858ns
    Source Clock Delay      (SCD):    0.000ns
    Clock Pessimism Removal (CPR):    0.000ns
  Clock Uncertainty:      0.025ns  ((TSJ^2 + TIJ^2)^1/2 + DJ) / 2 + PE
    Total System Jitter     (TSJ):    0.050ns
    Total Input Jitter      (TIJ):    0.000ns
    Discrete Jitter          (DJ):    0.000ns
    Phase Error              (PE):    0.000ns

    Location             Delay type                Incr(ns)  Path(ns)    Netlist Resource(s)
  -------------------------------------------------------------------    -------------------
    U18                                               0.000     0.000 f  btnC (IN)
                         net (fo=0)                   0.000     0.000    btnC
    U18                  IBUF (Prop_ibuf_I_O)         1.441     1.441 f  btnC_IBUF_inst/O
                         net (fo=475, routed)         5.375     6.816    laby_top/laby_inst/btnC_IBUF
    SLICE_X5Y5           LUT6 (Prop_lut6_I5_O)        0.124     6.940 r  laby_top/laby_inst/direction_courante[1]_i_2/O
                         net (fo=2, routed)           0.795     7.735    laby_top/laby_inst/direction_courante[1]_i_2_n_0
    SLICE_X6Y5           LUT3 (Prop_lut3_I1_O)        0.124     7.859 r  laby_top/laby_inst/direction_courante[0]_i_1/O
                         net (fo=1, routed)           0.000     7.859    laby_top/laby_inst/direction_courante[0]_i_1_n_0
    SLICE_X6Y5           FDRE                                         r  laby_top/laby_inst/direction_courante_reg[0]/D
  -------------------------------------------------------------------    -------------------

                         (clock sys_clk_pin rise edge)
                                                      0.000     0.000 r  
    W5                                                0.000     0.000 r  clk (IN)
                         net (fo=0)                   0.000     0.000    clk
    W5                   IBUF (Prop_ibuf_I_O)         1.388     1.388 r  clk_IBUF_inst/O
                         net (fo=1, routed)           1.862     3.250    clk_IBUF
    BUFGCTRL_X0Y0        BUFG (Prop_bufg_I_O)         0.091     3.341 r  clk_IBUF_BUFG_inst/O
                         net (fo=531, routed)         1.517     4.858    laby_top/laby_inst/clk_IBUF_BUFG
    SLICE_X6Y5           FDRE                                         r  laby_top/laby_inst/direction_courante_reg[0]/C

Slack:                    inf
  Source:                 btnC
                            (input port)
  Destination:            timer_inst/secondes_reg[3]/D
                            (rising edge-triggered cell FDRE clocked by sys_clk_pin  {rise@0.000ns fall@5.000ns period=10.000ns})
  Path Group:             (none)
  Path Type:              Setup (Max at Slow Process Corner)
  Data Path Delay:        7.708ns  (logic 1.925ns (24.977%)  route 5.783ns (75.023%))
  Logic Levels:           3  (IBUF=1 LUT4=1 LUT6=1)
  Clock Path Skew:        4.778ns (DCD - SCD + CPR)
    Destination Clock Delay (DCD):    4.778ns
    Source Clock Delay      (SCD):    0.000ns
    Clock Pessimism Removal (CPR):    0.000ns
  Clock Uncertainty:      0.025ns  ((TSJ^2 + TIJ^2)^1/2 + DJ) / 2 + PE
    Total System Jitter     (TSJ):    0.050ns
    Total Input Jitter      (TIJ):    0.000ns
    Discrete Jitter          (DJ):    0.000ns
    Phase Error              (PE):    0.000ns

    Location             Delay type                Incr(ns)  Path(ns)    Netlist Resource(s)
  -------------------------------------------------------------------    -------------------
    U18                                               0.000     0.000 r  btnC (IN)
                         net (fo=0)                   0.000     0.000    btnC
    U18                  IBUF (Prop_ibuf_I_O)         1.441     1.441 r  btnC_IBUF_inst/O
                         net (fo=475, routed)         5.165     6.607    timer_inst/btnC_IBUF
    SLICE_X12Y29         LUT4 (Prop_lut4_I0_O)        0.153     6.760 r  timer_inst/secondes[6]_i_1/O
                         net (fo=7, routed)           0.618     7.377    timer_inst/secondes[6]_i_1_n_0
    SLICE_X11Y27         LUT6 (Prop_lut6_I4_O)        0.331     7.708 r  timer_inst/secondes[3]_i_1/O
                         net (fo=1, routed)           0.000     7.708    timer_inst/secondes[3]_i_1_n_0
    SLICE_X11Y27         FDRE                                         r  timer_inst/secondes_reg[3]/D
  -------------------------------------------------------------------    -------------------

                         (clock sys_clk_pin rise edge)
                                                      0.000     0.000 r  
    W5                                                0.000     0.000 r  clk (IN)
                         net (fo=0)                   0.000     0.000    clk
    W5                   IBUF (Prop_ibuf_I_O)         1.388     1.388 r  clk_IBUF_inst/O
                         net (fo=1, routed)           1.862     3.250    clk_IBUF
    BUFGCTRL_X0Y0        BUFG (Prop_bufg_I_O)         0.091     3.341 r  clk_IBUF_BUFG_inst/O
                         net (fo=531, routed)         1.437     4.778    timer_inst/clk_IBUF_BUFG
    SLICE_X11Y27         FDRE                                         r  timer_inst/secondes_reg[3]/C

Slack:                    inf
  Source:                 btnC
                            (input port)
  Destination:            timer_inst/ref_cnt_reg[16]/R
                            (rising edge-triggered cell FDRE clocked by sys_clk_pin  {rise@0.000ns fall@5.000ns period=10.000ns})
  Path Group:             (none)
  Path Type:              Setup (Max at Slow Process Corner)
  Data Path Delay:        7.663ns  (logic 1.565ns (20.427%)  route 6.098ns (79.573%))
  Logic Levels:           2  (IBUF=1 LUT2=1)
  Clock Path Skew:        4.785ns (DCD - SCD + CPR)
    Destination Clock Delay (DCD):    4.785ns
    Source Clock Delay      (SCD):    0.000ns
    Clock Pessimism Removal (CPR):    0.000ns
  Clock Uncertainty:      0.025ns  ((TSJ^2 + TIJ^2)^1/2 + DJ) / 2 + PE
    Total System Jitter     (TSJ):    0.050ns
    Total Input Jitter      (TIJ):    0.000ns
    Discrete Jitter          (DJ):    0.000ns
    Phase Error              (PE):    0.000ns

    Location             Delay type                Incr(ns)  Path(ns)    Netlist Resource(s)
  -------------------------------------------------------------------    -------------------
    U18                                               0.000     0.000 r  btnC (IN)
                         net (fo=0)                   0.000     0.000    btnC
    U18                  IBUF (Prop_ibuf_I_O)         1.441     1.441 r  btnC_IBUF_inst/O
                         net (fo=475, routed)         5.165     6.607    timer_inst/btnC_IBUF
    SLICE_X12Y29         LUT2 (Prop_lut2_I0_O)        0.124     6.731 r  timer_inst/ref_cnt[0]_i_1/O
                         net (fo=17, routed)          0.932     7.663    timer_inst/ref_cnt[0]_i_1_n_0
    SLICE_X13Y34         FDRE                                         r  timer_inst/ref_cnt_reg[16]/R
  -------------------------------------------------------------------    -------------------

                         (clock sys_clk_pin rise edge)
                                                      0.000     0.000 r  
    W5                                                0.000     0.000 r  clk (IN)
                         net (fo=0)                   0.000     0.000    clk
    W5                   IBUF (Prop_ibuf_I_O)         1.388     1.388 r  clk_IBUF_inst/O
                         net (fo=1, routed)           1.862     3.250    clk_IBUF
    BUFGCTRL_X0Y0        BUFG (Prop_bufg_I_O)         0.091     3.341 r  clk_IBUF_BUFG_inst/O
                         net (fo=531, routed)         1.444     4.785    timer_inst/clk_IBUF_BUFG
    SLICE_X13Y34         FDRE                                         r  timer_inst/ref_cnt_reg[16]/C

Slack:                    inf
  Source:                 btnC
                            (input port)
  Destination:            timer_inst/secondes_reg[0]/D
                            (rising edge-triggered cell FDRE clocked by sys_clk_pin  {rise@0.000ns fall@5.000ns period=10.000ns})
  Path Group:             (none)
  Path Type:              Setup (Max at Slow Process Corner)
  Data Path Delay:        7.540ns  (logic 1.925ns (25.535%)  route 5.615ns (74.465%))
  Logic Levels:           3  (IBUF=1 LUT3=1 LUT4=1)
  Clock Path Skew:        4.779ns (DCD - SCD + CPR)
    Destination Clock Delay (DCD):    4.779ns
    Source Clock Delay      (SCD):    0.000ns
    Clock Pessimism Removal (CPR):    0.000ns
  Clock Uncertainty:      0.025ns  ((TSJ^2 + TIJ^2)^1/2 + DJ) / 2 + PE
    Total System Jitter     (TSJ):    0.050ns
    Total Input Jitter      (TIJ):    0.000ns
    Discrete Jitter          (DJ):    0.000ns
    Phase Error              (PE):    0.000ns

    Location             Delay type                Incr(ns)  Path(ns)    Netlist Resource(s)
  -------------------------------------------------------------------    -------------------
    U18                                               0.000     0.000 r  btnC (IN)
                         net (fo=0)                   0.000     0.000    btnC
    U18                  IBUF (Prop_ibuf_I_O)         1.441     1.441 r  btnC_IBUF_inst/O
                         net (fo=475, routed)         5.165     6.607    timer_inst/btnC_IBUF
    SLICE_X12Y29         LUT4 (Prop_lut4_I0_O)        0.153     6.760 r  timer_inst/secondes[6]_i_1/O
                         net (fo=7, routed)           0.449     7.209    timer_inst/secondes[6]_i_1_n_0
    SLICE_X12Y28         LUT3 (Prop_lut3_I1_O)        0.331     7.540 r  timer_inst/secondes[0]_i_1/O
                         net (fo=1, routed)           0.000     7.540    timer_inst/secondes[0]_i_1_n_0
    SLICE_X12Y28         FDRE                                         r  timer_inst/secondes_reg[0]/D
  -------------------------------------------------------------------    -------------------

                         (clock sys_clk_pin rise edge)
                                                      0.000     0.000 r  
    W5                                                0.000     0.000 r  clk (IN)
                         net (fo=0)                   0.000     0.000    clk
    W5                   IBUF (Prop_ibuf_I_O)         1.388     1.388 r  clk_IBUF_inst/O
                         net (fo=1, routed)           1.862     3.250    clk_IBUF
    BUFGCTRL_X0Y0        BUFG (Prop_bufg_I_O)         0.091     3.341 r  clk_IBUF_BUFG_inst/O
                         net (fo=531, routed)         1.438     4.779    timer_inst/clk_IBUF_BUFG
    SLICE_X12Y28         FDRE                                         r  timer_inst/secondes_reg[0]/C

Slack:                    inf
  Source:                 btnC
                            (input port)
  Destination:            timer_inst/secondes_reg[4]/D
                            (rising edge-triggered cell FDRE clocked by sys_clk_pin  {rise@0.000ns fall@5.000ns period=10.000ns})
  Path Group:             (none)
  Path Type:              Setup (Max at Slow Process Corner)
  Data Path Delay:        7.532ns  (logic 1.917ns (25.456%)  route 5.615ns (74.544%))
  Logic Levels:           3  (IBUF=1 LUT4=2)
  Clock Path Skew:        4.779ns (DCD - SCD + CPR)
    Destination Clock Delay (DCD):    4.779ns
    Source Clock Delay      (SCD):    0.000ns
    Clock Pessimism Removal (CPR):    0.000ns
  Clock Uncertainty:      0.025ns  ((TSJ^2 + TIJ^2)^1/2 + DJ) / 2 + PE
    Total System Jitter     (TSJ):    0.050ns
    Total Input Jitter      (TIJ):    0.000ns
    Discrete Jitter          (DJ):    0.000ns
    Phase Error              (PE):    0.000ns

    Location             Delay type                Incr(ns)  Path(ns)    Netlist Resource(s)
  -------------------------------------------------------------------    -------------------
    U18                                               0.000     0.000 r  btnC (IN)
                         net (fo=0)                   0.000     0.000    btnC
    U18                  IBUF (Prop_ibuf_I_O)         1.441     1.441 r  btnC_IBUF_inst/O
                         net (fo=475, routed)         5.165     6.607    timer_inst/btnC_IBUF
    SLICE_X12Y29         LUT4 (Prop_lut4_I0_O)        0.153     6.760 r  timer_inst/secondes[6]_i_1/O
                         net (fo=7, routed)           0.449     7.209    timer_inst/secondes[6]_i_1_n_0
    SLICE_X12Y28         LUT4 (Prop_lut4_I2_O)        0.323     7.532 r  timer_inst/secondes[4]_i_1/O
                         net (fo=1, routed)           0.000     7.532    timer_inst/secondes[4]_i_1_n_0
    SLICE_X12Y28         FDRE                                         r  timer_inst/secondes_reg[4]/D
  -------------------------------------------------------------------    -------------------

                         (clock sys_clk_pin rise edge)
                                                      0.000     0.000 r  
    W5                                                0.000     0.000 r  clk (IN)
                         net (fo=0)                   0.000     0.000    clk
    W5                   IBUF (Prop_ibuf_I_O)         1.388     1.388 r  clk_IBUF_inst/O
                         net (fo=1, routed)           1.862     3.250    clk_IBUF
    BUFGCTRL_X0Y0        BUFG (Prop_bufg_I_O)         0.091     3.341 r  clk_IBUF_BUFG_inst/O
                         net (fo=531, routed)         1.438     4.779    timer_inst/clk_IBUF_BUFG
    SLICE_X12Y28         FDRE                                         r  timer_inst/secondes_reg[4]/C

Slack:                    inf
  Source:                 btnC
                            (input port)
  Destination:            timer_inst/ref_cnt_reg[12]/R
                            (rising edge-triggered cell FDRE clocked by sys_clk_pin  {rise@0.000ns fall@5.000ns period=10.000ns})
  Path Group:             (none)
  Path Type:              Setup (Max at Slow Process Corner)
  Data Path Delay:        7.525ns  (logic 1.565ns (20.802%)  route 5.959ns (79.198%))
  Logic Levels:           2  (IBUF=1 LUT2=1)
  Clock Path Skew:        4.784ns (DCD - SCD + CPR)
    Destination Clock Delay (DCD):    4.784ns
    Source Clock Delay      (SCD):    0.000ns
    Clock Pessimism Removal (CPR):    0.000ns
  Clock Uncertainty:      0.025ns  ((TSJ^2 + TIJ^2)^1/2 + DJ) / 2 + PE
    Total System Jitter     (TSJ):    0.050ns
    Total Input Jitter      (TIJ):    0.000ns
    Discrete Jitter          (DJ):    0.000ns
    Phase Error              (PE):    0.000ns

    Location             Delay type                Incr(ns)  Path(ns)    Netlist Resource(s)
  -------------------------------------------------------------------    -------------------
    U18                                               0.000     0.000 r  btnC (IN)
                         net (fo=0)                   0.000     0.000    btnC
    U18                  IBUF (Prop_ibuf_I_O)         1.441     1.441 r  btnC_IBUF_inst/O
                         net (fo=475, routed)         5.165     6.607    timer_inst/btnC_IBUF
    SLICE_X12Y29         LUT2 (Prop_lut2_I0_O)        0.124     6.731 r  timer_inst/ref_cnt[0]_i_1/O
                         net (fo=17, routed)          0.794     7.525    timer_inst/ref_cnt[0]_i_1_n_0
    SLICE_X13Y33         FDRE                                         r  timer_inst/ref_cnt_reg[12]/R
  -------------------------------------------------------------------    -------------------

                         (clock sys_clk_pin rise edge)
                                                      0.000     0.000 r  
    W5                                                0.000     0.000 r  clk (IN)
                         net (fo=0)                   0.000     0.000    clk
    W5                   IBUF (Prop_ibuf_I_O)         1.388     1.388 r  clk_IBUF_inst/O
                         net (fo=1, routed)           1.862     3.250    clk_IBUF
    BUFGCTRL_X0Y0        BUFG (Prop_bufg_I_O)         0.091     3.341 r  clk_IBUF_BUFG_inst/O
                         net (fo=531, routed)         1.443     4.784    timer_inst/clk_IBUF_BUFG
    SLICE_X13Y33         FDRE                                         r  timer_inst/ref_cnt_reg[12]/C

Slack:                    inf
  Source:                 btnC
                            (input port)
  Destination:            timer_inst/ref_cnt_reg[13]/R
                            (rising edge-triggered cell FDRE clocked by sys_clk_pin  {rise@0.000ns fall@5.000ns period=10.000ns})
  Path Group:             (none)
  Path Type:              Setup (Max at Slow Process Corner)
  Data Path Delay:        7.525ns  (logic 1.565ns (20.802%)  route 5.959ns (79.198%))
  Logic Levels:           2  (IBUF=1 LUT2=1)
  Clock Path Skew:        4.784ns (DCD - SCD + CPR)
    Destination Clock Delay (DCD):    4.784ns
    Source Clock Delay      (SCD):    0.000ns
    Clock Pessimism Removal (CPR):    0.000ns
  Clock Uncertainty:      0.025ns  ((TSJ^2 + TIJ^2)^1/2 + DJ) / 2 + PE
    Total System Jitter     (TSJ):    0.050ns
    Total Input Jitter      (TIJ):    0.000ns
    Discrete Jitter          (DJ):    0.000ns
    Phase Error              (PE):    0.000ns

    Location             Delay type                Incr(ns)  Path(ns)    Netlist Resource(s)
  -------------------------------------------------------------------    -------------------
    U18                                               0.000     0.000 r  btnC (IN)
                         net (fo=0)                   0.000     0.000    btnC
    U18                  IBUF (Prop_ibuf_I_O)         1.441     1.441 r  btnC_IBUF_inst/O
                         net (fo=475, routed)         5.165     6.607    timer_inst/btnC_IBUF
    SLICE_X12Y29         LUT2 (Prop_lut2_I0_O)        0.124     6.731 r  timer_inst/ref_cnt[0]_i_1/O
                         net (fo=17, routed)          0.794     7.525    timer_inst/ref_cnt[0]_i_1_n_0
    SLICE_X13Y33         FDRE                                         r  timer_inst/ref_cnt_reg[13]/R
  -------------------------------------------------------------------    -------------------

                         (clock sys_clk_pin rise edge)
                                                      0.000     0.000 r  
    W5                                                0.000     0.000 r  clk (IN)
                         net (fo=0)                   0.000     0.000    clk
    W5                   IBUF (Prop_ibuf_I_O)         1.388     1.388 r  clk_IBUF_inst/O
                         net (fo=1, routed)           1.862     3.250    clk_IBUF
    BUFGCTRL_X0Y0        BUFG (Prop_bufg_I_O)         0.091     3.341 r  clk_IBUF_BUFG_inst/O
                         net (fo=531, routed)         1.443     4.784    timer_inst/clk_IBUF_BUFG
    SLICE_X13Y33         FDRE                                         r  timer_inst/ref_cnt_reg[13]/C

Slack:                    inf
  Source:                 btnC
                            (input port)
  Destination:            timer_inst/ref_cnt_reg[14]/R
                            (rising edge-triggered cell FDRE clocked by sys_clk_pin  {rise@0.000ns fall@5.000ns period=10.000ns})
  Path Group:             (none)
  Path Type:              Setup (Max at Slow Process Corner)
  Data Path Delay:        7.525ns  (logic 1.565ns (20.802%)  route 5.959ns (79.198%))
  Logic Levels:           2  (IBUF=1 LUT2=1)
  Clock Path Skew:        4.784ns (DCD - SCD + CPR)
    Destination Clock Delay (DCD):    4.784ns
    Source Clock Delay      (SCD):    0.000ns
    Clock Pessimism Removal (CPR):    0.000ns
  Clock Uncertainty:      0.025ns  ((TSJ^2 + TIJ^2)^1/2 + DJ) / 2 + PE
    Total System Jitter     (TSJ):    0.050ns
    Total Input Jitter      (TIJ):    0.000ns
    Discrete Jitter          (DJ):    0.000ns
    Phase Error              (PE):    0.000ns

    Location             Delay type                Incr(ns)  Path(ns)    Netlist Resource(s)
  -------------------------------------------------------------------    -------------------
    U18                                               0.000     0.000 r  btnC (IN)
                         net (fo=0)                   0.000     0.000    btnC
    U18                  IBUF (Prop_ibuf_I_O)         1.441     1.441 r  btnC_IBUF_inst/O
                         net (fo=475, routed)         5.165     6.607    timer_inst/btnC_IBUF
    SLICE_X12Y29         LUT2 (Prop_lut2_I0_O)        0.124     6.731 r  timer_inst/ref_cnt[0]_i_1/O
                         net (fo=17, routed)          0.794     7.525    timer_inst/ref_cnt[0]_i_1_n_0
    SLICE_X13Y33         FDRE                                         r  timer_inst/ref_cnt_reg[14]/R
  -------------------------------------------------------------------    -------------------

                         (clock sys_clk_pin rise edge)
                                                      0.000     0.000 r  
    W5                                                0.000     0.000 r  clk (IN)
                         net (fo=0)                   0.000     0.000    clk
    W5                   IBUF (Prop_ibuf_I_O)         1.388     1.388 r  clk_IBUF_inst/O
                         net (fo=1, routed)           1.862     3.250    clk_IBUF
    BUFGCTRL_X0Y0        BUFG (Prop_bufg_I_O)         0.091     3.341 r  clk_IBUF_BUFG_inst/O
                         net (fo=531, routed)         1.443     4.784    timer_inst/clk_IBUF_BUFG
    SLICE_X13Y33         FDRE                                         r  timer_inst/ref_cnt_reg[14]/C

Slack:                    inf
  Source:                 btnC
                            (input port)
  Destination:            timer_inst/ref_cnt_reg[15]/R
                            (rising edge-triggered cell FDRE clocked by sys_clk_pin  {rise@0.000ns fall@5.000ns period=10.000ns})
  Path Group:             (none)
  Path Type:              Setup (Max at Slow Process Corner)
  Data Path Delay:        7.525ns  (logic 1.565ns (20.802%)  route 5.959ns (79.198%))
  Logic Levels:           2  (IBUF=1 LUT2=1)
  Clock Path Skew:        4.784ns (DCD - SCD + CPR)
    Destination Clock Delay (DCD):    4.784ns
    Source Clock Delay      (SCD):    0.000ns
    Clock Pessimism Removal (CPR):    0.000ns
  Clock Uncertainty:      0.025ns  ((TSJ^2 + TIJ^2)^1/2 + DJ) / 2 + PE
    Total System Jitter     (TSJ):    0.050ns
    Total Input Jitter      (TIJ):    0.000ns
    Discrete Jitter          (DJ):    0.000ns
    Phase Error              (PE):    0.000ns

    Location             Delay type                Incr(ns)  Path(ns)    Netlist Resource(s)
  -------------------------------------------------------------------    -------------------
    U18                                               0.000     0.000 r  btnC (IN)
                         net (fo=0)                   0.000     0.000    btnC
    U18                  IBUF (Prop_ibuf_I_O)         1.441     1.441 r  btnC_IBUF_inst/O
                         net (fo=475, routed)         5.165     6.607    timer_inst/btnC_IBUF
    SLICE_X12Y29         LUT2 (Prop_lut2_I0_O)        0.124     6.731 r  timer_inst/ref_cnt[0]_i_1/O
                         net (fo=17, routed)          0.794     7.525    timer_inst/ref_cnt[0]_i_1_n_0
    SLICE_X13Y33         FDRE                                         r  timer_inst/ref_cnt_reg[15]/R
  -------------------------------------------------------------------    -------------------

                         (clock sys_clk_pin rise edge)
                                                      0.000     0.000 r  
    W5                                                0.000     0.000 r  clk (IN)
                         net (fo=0)                   0.000     0.000    clk
    W5                   IBUF (Prop_ibuf_I_O)         1.388     1.388 r  clk_IBUF_inst/O
                         net (fo=1, routed)           1.862     3.250    clk_IBUF
    BUFGCTRL_X0Y0        BUFG (Prop_bufg_I_O)         0.091     3.341 r  clk_IBUF_BUFG_inst/O
                         net (fo=531, routed)         1.443     4.784    timer_inst/clk_IBUF_BUFG
    SLICE_X13Y33         FDRE                                         r  timer_inst/ref_cnt_reg[15]/C





Min Delay Paths
--------------------------------------------------------------------------------------
Slack:                    inf
  Source:                 btnC
                            (input port)
  Destination:            laby_top/laby_inst/visite_v_mem_reg[211]/R
                            (rising edge-triggered cell FDRE clocked by sys_clk_pin  {rise@0.000ns fall@5.000ns period=10.000ns})
  Path Group:             (none)
  Path Type:              Hold (Min at Fast Process Corner)
  Data Path Delay:        0.608ns  (logic 0.210ns (34.476%)  route 0.398ns (65.524%))
  Logic Levels:           1  (IBUF=1)
  Clock Path Skew:        1.988ns (DCD - SCD - CPR)
    Destination Clock Delay (DCD):    1.988ns
    Source Clock Delay      (SCD):    0.000ns
    Clock Pessimism Removal (CPR):    -0.000ns

    Location             Delay type                Incr(ns)  Path(ns)    Netlist Resource(s)
  -------------------------------------------------------------------    -------------------
    U18                                               0.000     0.000 r  btnC (IN)
                         net (fo=0)                   0.000     0.000    btnC
    U18                  IBUF (Prop_ibuf_I_O)         0.210     0.210 r  btnC_IBUF_inst/O
                         net (fo=475, routed)         0.398     0.608    laby_top/laby_inst/btnC_IBUF
    SLICE_X0Y13          FDRE                                         r  laby_top/laby_inst/visite_v_mem_reg[211]/R
  -------------------------------------------------------------------    -------------------

                         (clock sys_clk_pin rise edge)
                                                      0.000     0.000 r  
    W5                                                0.000     0.000 r  clk (IN)
                         net (fo=0)                   0.000     0.000    clk
    W5                   IBUF (Prop_ibuf_I_O)         0.414     0.414 r  clk_IBUF_inst/O
                         net (fo=1, routed)           0.685     1.099    clk_IBUF
    BUFGCTRL_X0Y0        BUFG (Prop_bufg_I_O)         0.029     1.128 r  clk_IBUF_BUFG_inst/O
                         net (fo=531, routed)         0.861     1.988    laby_top/laby_inst/clk_IBUF_BUFG
    SLICE_X0Y13          FDRE                                         r  laby_top/laby_inst/visite_v_mem_reg[211]/C

Slack:                    inf
  Source:                 btnC
                            (input port)
  Destination:            laby_top/laby_inst/visite_v_mem_reg[213]/R
                            (rising edge-triggered cell FDRE clocked by sys_clk_pin  {rise@0.000ns fall@5.000ns period=10.000ns})
  Path Group:             (none)
  Path Type:              Hold (Min at Fast Process Corner)
  Data Path Delay:        0.608ns  (logic 0.210ns (34.476%)  route 0.398ns (65.524%))
  Logic Levels:           1  (IBUF=1)
  Clock Path Skew:        1.988ns (DCD - SCD - CPR)
    Destination Clock Delay (DCD):    1.988ns
    Source Clock Delay      (SCD):    0.000ns
    Clock Pessimism Removal (CPR):    -0.000ns

    Location             Delay type                Incr(ns)  Path(ns)    Netlist Resource(s)
  -------------------------------------------------------------------    -------------------
    U18                                               0.000     0.000 r  btnC (IN)
                         net (fo=0)                   0.000     0.000    btnC
    U18                  IBUF (Prop_ibuf_I_O)         0.210     0.210 r  btnC_IBUF_inst/O
                         net (fo=475, routed)         0.398     0.608    laby_top/laby_inst/btnC_IBUF
    SLICE_X0Y13          FDRE                                         r  laby_top/laby_inst/visite_v_mem_reg[213]/R
  -------------------------------------------------------------------    -------------------

                         (clock sys_clk_pin rise edge)
                                                      0.000     0.000 r  
    W5                                                0.000     0.000 r  clk (IN)
                         net (fo=0)                   0.000     0.000    clk
    W5                   IBUF (Prop_ibuf_I_O)         0.414     0.414 r  clk_IBUF_inst/O
                         net (fo=1, routed)           0.685     1.099    clk_IBUF
    BUFGCTRL_X0Y0        BUFG (Prop_bufg_I_O)         0.029     1.128 r  clk_IBUF_BUFG_inst/O
                         net (fo=531, routed)         0.861     1.988    laby_top/laby_inst/clk_IBUF_BUFG
    SLICE_X0Y13          FDRE                                         r  laby_top/laby_inst/visite_v_mem_reg[213]/C

Slack:                    inf
  Source:                 btnC
                            (input port)
  Destination:            laby_top/laby_inst/visite_v_mem_reg[214]/R
                            (rising edge-triggered cell FDRE clocked by sys_clk_pin  {rise@0.000ns fall@5.000ns period=10.000ns})
  Path Group:             (none)
  Path Type:              Hold (Min at Fast Process Corner)
  Data Path Delay:        0.608ns  (logic 0.210ns (34.476%)  route 0.398ns (65.524%))
  Logic Levels:           1  (IBUF=1)
  Clock Path Skew:        1.988ns (DCD - SCD - CPR)
    Destination Clock Delay (DCD):    1.988ns
    Source Clock Delay      (SCD):    0.000ns
    Clock Pessimism Removal (CPR):    -0.000ns

    Location             Delay type                Incr(ns)  Path(ns)    Netlist Resource(s)
  -------------------------------------------------------------------    -------------------
    U18                                               0.000     0.000 r  btnC (IN)
                         net (fo=0)                   0.000     0.000    btnC
    U18                  IBUF (Prop_ibuf_I_O)         0.210     0.210 r  btnC_IBUF_inst/O
                         net (fo=475, routed)         0.398     0.608    laby_top/laby_inst/btnC_IBUF
    SLICE_X0Y13          FDRE                                         r  laby_top/laby_inst/visite_v_mem_reg[214]/R
  -------------------------------------------------------------------    -------------------

                         (clock sys_clk_pin rise edge)
                                                      0.000     0.000 r  
    W5                                                0.000     0.000 r  clk (IN)
                         net (fo=0)                   0.000     0.000    clk
    W5                   IBUF (Prop_ibuf_I_O)         0.414     0.414 r  clk_IBUF_inst/O
                         net (fo=1, routed)           0.685     1.099    clk_IBUF
    BUFGCTRL_X0Y0        BUFG (Prop_bufg_I_O)         0.029     1.128 r  clk_IBUF_BUFG_inst/O
                         net (fo=531, routed)         0.861     1.988    laby_top/laby_inst/clk_IBUF_BUFG
    SLICE_X0Y13          FDRE                                         r  laby_top/laby_inst/visite_v_mem_reg[214]/C

Slack:                    inf
  Source:                 btnC
                            (input port)
  Destination:            laby_top/laby_inst/visite_v_mem_reg[216]/R
                            (rising edge-triggered cell FDRE clocked by sys_clk_pin  {rise@0.000ns fall@5.000ns period=10.000ns})
  Path Group:             (none)
  Path Type:              Hold (Min at Fast Process Corner)
  Data Path Delay:        0.608ns  (logic 0.210ns (34.476%)  route 0.398ns (65.524%))
  Logic Levels:           1  (IBUF=1)
  Clock Path Skew:        1.988ns (DCD - SCD - CPR)
    Destination Clock Delay (DCD):    1.988ns
    Source Clock Delay      (SCD):    0.000ns
    Clock Pessimism Removal (CPR):    -0.000ns

    Location             Delay type                Incr(ns)  Path(ns)    Netlist Resource(s)
  -------------------------------------------------------------------    -------------------
    U18                                               0.000     0.000 r  btnC (IN)
                         net (fo=0)                   0.000     0.000    btnC
    U18                  IBUF (Prop_ibuf_I_O)         0.210     0.210 r  btnC_IBUF_inst/O
                         net (fo=475, routed)         0.398     0.608    laby_top/laby_inst/btnC_IBUF
    SLICE_X0Y13          FDRE                                         r  laby_top/laby_inst/visite_v_mem_reg[216]/R
  -------------------------------------------------------------------    -------------------

                         (clock sys_clk_pin rise edge)
                                                      0.000     0.000 r  
    W5                                                0.000     0.000 r  clk (IN)
                         net (fo=0)                   0.000     0.000    clk
    W5                   IBUF (Prop_ibuf_I_O)         0.414     0.414 r  clk_IBUF_inst/O
                         net (fo=1, routed)           0.685     1.099    clk_IBUF
    BUFGCTRL_X0Y0        BUFG (Prop_bufg_I_O)         0.029     1.128 r  clk_IBUF_BUFG_inst/O
                         net (fo=531, routed)         0.861     1.988    laby_top/laby_inst/clk_IBUF_BUFG
    SLICE_X0Y13          FDRE                                         r  laby_top/laby_inst/visite_v_mem_reg[216]/C

Slack:                    inf
  Source:                 btnC
                            (input port)
  Destination:            laby_top/laby_inst/cellule_voisine_reg[7]/R
                            (rising edge-triggered cell FDRE clocked by sys_clk_pin  {rise@0.000ns fall@5.000ns period=10.000ns})
  Path Group:             (none)
  Path Type:              Hold (Min at Fast Process Corner)
  Data Path Delay:        0.625ns  (logic 0.210ns (33.502%)  route 0.416ns (66.498%))
  Logic Levels:           1  (IBUF=1)
  Clock Path Skew:        1.989ns (DCD - SCD - CPR)
    Destination Clock Delay (DCD):    1.989ns
    Source Clock Delay      (SCD):    0.000ns
    Clock Pessimism Removal (CPR):    -0.000ns

    Location             Delay type                Incr(ns)  Path(ns)    Netlist Resource(s)
  -------------------------------------------------------------------    -------------------
    U18                                               0.000     0.000 r  btnC (IN)
                         net (fo=0)                   0.000     0.000    btnC
    U18                  IBUF (Prop_ibuf_I_O)         0.210     0.210 r  btnC_IBUF_inst/O
                         net (fo=475, routed)         0.416     0.625    laby_top/laby_inst/btnC_IBUF
    SLICE_X3Y12          FDRE                                         r  laby_top/laby_inst/cellule_voisine_reg[7]/R
  -------------------------------------------------------------------    -------------------

                         (clock sys_clk_pin rise edge)
                                                      0.000     0.000 r  
    W5                                                0.000     0.000 r  clk (IN)
                         net (fo=0)                   0.000     0.000    clk
    W5                   IBUF (Prop_ibuf_I_O)         0.414     0.414 r  clk_IBUF_inst/O
                         net (fo=1, routed)           0.685     1.099    clk_IBUF
    BUFGCTRL_X0Y0        BUFG (Prop_bufg_I_O)         0.029     1.128 r  clk_IBUF_BUFG_inst/O
                         net (fo=531, routed)         0.862     1.989    laby_top/laby_inst/clk_IBUF_BUFG
    SLICE_X3Y12          FDRE                                         r  laby_top/laby_inst/cellule_voisine_reg[7]/C

Slack:                    inf
  Source:                 btnC
                            (input port)
  Destination:            laby_top/laby_inst/cellule_voisine_reg[4]/R
                            (rising edge-triggered cell FDRE clocked by sys_clk_pin  {rise@0.000ns fall@5.000ns period=10.000ns})
  Path Group:             (none)
  Path Type:              Hold (Min at Fast Process Corner)
  Data Path Delay:        0.654ns  (logic 0.210ns (32.033%)  route 0.445ns (67.967%))
  Logic Levels:           1  (IBUF=1)
  Clock Path Skew:        1.986ns (DCD - SCD - CPR)
    Destination Clock Delay (DCD):    1.986ns
    Source Clock Delay      (SCD):    0.000ns
    Clock Pessimism Removal (CPR):    -0.000ns

    Location             Delay type                Incr(ns)  Path(ns)    Netlist Resource(s)
  -------------------------------------------------------------------    -------------------
    U18                                               0.000     0.000 r  btnC (IN)
                         net (fo=0)                   0.000     0.000    btnC
    U18                  IBUF (Prop_ibuf_I_O)         0.210     0.210 r  btnC_IBUF_inst/O
                         net (fo=475, routed)         0.445     0.654    laby_top/laby_inst/btnC_IBUF
    SLICE_X4Y13          FDRE                                         r  laby_top/laby_inst/cellule_voisine_reg[4]/R
  -------------------------------------------------------------------    -------------------

                         (clock sys_clk_pin rise edge)
                                                      0.000     0.000 r  
    W5                                                0.000     0.000 r  clk (IN)
                         net (fo=0)                   0.000     0.000    clk
    W5                   IBUF (Prop_ibuf_I_O)         0.414     0.414 r  clk_IBUF_inst/O
                         net (fo=1, routed)           0.685     1.099    clk_IBUF
    BUFGCTRL_X0Y0        BUFG (Prop_bufg_I_O)         0.029     1.128 r  clk_IBUF_BUFG_inst/O
                         net (fo=531, routed)         0.859     1.986    laby_top/laby_inst/clk_IBUF_BUFG
    SLICE_X4Y13          FDRE                                         r  laby_top/laby_inst/cellule_voisine_reg[4]/C

Slack:                    inf
  Source:                 btnC
                            (input port)
  Destination:            laby_top/laby_inst/visite_v_mem_reg[209]/R
                            (rising edge-triggered cell FDRE clocked by sys_clk_pin  {rise@0.000ns fall@5.000ns period=10.000ns})
  Path Group:             (none)
  Path Type:              Hold (Min at Fast Process Corner)
  Data Path Delay:        0.667ns  (logic 0.210ns (31.428%)  route 0.457ns (68.572%))
  Logic Levels:           1  (IBUF=1)
  Clock Path Skew:        1.988ns (DCD - SCD - CPR)
    Destination Clock Delay (DCD):    1.988ns
    Source Clock Delay      (SCD):    0.000ns
    Clock Pessimism Removal (CPR):    -0.000ns

    Location             Delay type                Incr(ns)  Path(ns)    Netlist Resource(s)
  -------------------------------------------------------------------    -------------------
    U18                                               0.000     0.000 r  btnC (IN)
                         net (fo=0)                   0.000     0.000    btnC
    U18                  IBUF (Prop_ibuf_I_O)         0.210     0.210 r  btnC_IBUF_inst/O
                         net (fo=475, routed)         0.457     0.667    laby_top/laby_inst/btnC_IBUF
    SLICE_X1Y14          FDRE                                         r  laby_top/laby_inst/visite_v_mem_reg[209]/R
  -------------------------------------------------------------------    -------------------

                         (clock sys_clk_pin rise edge)
                                                      0.000     0.000 r  
    W5                                                0.000     0.000 r  clk (IN)
                         net (fo=0)                   0.000     0.000    clk
    W5                   IBUF (Prop_ibuf_I_O)         0.414     0.414 r  clk_IBUF_inst/O
                         net (fo=1, routed)           0.685     1.099    clk_IBUF
    BUFGCTRL_X0Y0        BUFG (Prop_bufg_I_O)         0.029     1.128 r  clk_IBUF_BUFG_inst/O
                         net (fo=531, routed)         0.861     1.988    laby_top/laby_inst/clk_IBUF_BUFG
    SLICE_X1Y14          FDRE                                         r  laby_top/laby_inst/visite_v_mem_reg[209]/C

Slack:                    inf
  Source:                 btnC
                            (input port)
  Destination:            laby_top/laby_inst/visite_v_mem_reg[210]/R
                            (rising edge-triggered cell FDRE clocked by sys_clk_pin  {rise@0.000ns fall@5.000ns period=10.000ns})
  Path Group:             (none)
  Path Type:              Hold (Min at Fast Process Corner)
  Data Path Delay:        0.667ns  (logic 0.210ns (31.428%)  route 0.457ns (68.572%))
  Logic Levels:           1  (IBUF=1)
  Clock Path Skew:        1.988ns (DCD - SCD - CPR)
    Destination Clock Delay (DCD):    1.988ns
    Source Clock Delay      (SCD):    0.000ns
    Clock Pessimism Removal (CPR):    -0.000ns

    Location             Delay type                Incr(ns)  Path(ns)    Netlist Resource(s)
  -------------------------------------------------------------------    -------------------
    U18                                               0.000     0.000 r  btnC (IN)
                         net (fo=0)                   0.000     0.000    btnC
    U18                  IBUF (Prop_ibuf_I_O)         0.210     0.210 r  btnC_IBUF_inst/O
                         net (fo=475, routed)         0.457     0.667    laby_top/laby_inst/btnC_IBUF
    SLICE_X1Y14          FDRE                                         r  laby_top/laby_inst/visite_v_mem_reg[210]/R
  -------------------------------------------------------------------    -------------------

                         (clock sys_clk_pin rise edge)
                                                      0.000     0.000 r  
    W5                                                0.000     0.000 r  clk (IN)
                         net (fo=0)                   0.000     0.000    clk
    W5                   IBUF (Prop_ibuf_I_O)         0.414     0.414 r  clk_IBUF_inst/O
                         net (fo=1, routed)           0.685     1.099    clk_IBUF
    BUFGCTRL_X0Y0        BUFG (Prop_bufg_I_O)         0.029     1.128 r  clk_IBUF_BUFG_inst/O
                         net (fo=531, routed)         0.861     1.988    laby_top/laby_inst/clk_IBUF_BUFG
    SLICE_X1Y14          FDRE                                         r  laby_top/laby_inst/visite_v_mem_reg[210]/C

Slack:                    inf
  Source:                 btnC
                            (input port)
  Destination:            laby_top/laby_inst/visite_v_mem_reg[212]/R
                            (rising edge-triggered cell FDRE clocked by sys_clk_pin  {rise@0.000ns fall@5.000ns period=10.000ns})
  Path Group:             (none)
  Path Type:              Hold (Min at Fast Process Corner)
  Data Path Delay:        0.667ns  (logic 0.210ns (31.428%)  route 0.457ns (68.572%))
  Logic Levels:           1  (IBUF=1)
  Clock Path Skew:        1.988ns (DCD - SCD - CPR)
    Destination Clock Delay (DCD):    1.988ns
    Source Clock Delay      (SCD):    0.000ns
    Clock Pessimism Removal (CPR):    -0.000ns

    Location             Delay type                Incr(ns)  Path(ns)    Netlist Resource(s)
  -------------------------------------------------------------------    -------------------
    U18                                               0.000     0.000 r  btnC (IN)
                         net (fo=0)                   0.000     0.000    btnC
    U18                  IBUF (Prop_ibuf_I_O)         0.210     0.210 r  btnC_IBUF_inst/O
                         net (fo=475, routed)         0.457     0.667    laby_top/laby_inst/btnC_IBUF
    SLICE_X1Y14          FDRE                                         r  laby_top/laby_inst/visite_v_mem_reg[212]/R
  -------------------------------------------------------------------    -------------------

                         (clock sys_clk_pin rise edge)
                                                      0.000     0.000 r  
    W5                                                0.000     0.000 r  clk (IN)
                         net (fo=0)                   0.000     0.000    clk
    W5                   IBUF (Prop_ibuf_I_O)         0.414     0.414 r  clk_IBUF_inst/O
                         net (fo=1, routed)           0.685     1.099    clk_IBUF
    BUFGCTRL_X0Y0        BUFG (Prop_bufg_I_O)         0.029     1.128 r  clk_IBUF_BUFG_inst/O
                         net (fo=531, routed)         0.861     1.988    laby_top/laby_inst/clk_IBUF_BUFG
    SLICE_X1Y14          FDRE                                         r  laby_top/laby_inst/visite_v_mem_reg[212]/C

Slack:                    inf
  Source:                 btnC
                            (input port)
  Destination:            laby_top/laby_inst/visite_v_mem_reg[215]/R
                            (rising edge-triggered cell FDRE clocked by sys_clk_pin  {rise@0.000ns fall@5.000ns period=10.000ns})
  Path Group:             (none)
  Path Type:              Hold (Min at Fast Process Corner)
  Data Path Delay:        0.667ns  (logic 0.210ns (31.428%)  route 0.457ns (68.572%))
  Logic Levels:           1  (IBUF=1)
  Clock Path Skew:        1.988ns (DCD - SCD - CPR)
    Destination Clock Delay (DCD):    1.988ns
    Source Clock Delay      (SCD):    0.000ns
    Clock Pessimism Removal (CPR):    -0.000ns

    Location             Delay type                Incr(ns)  Path(ns)    Netlist Resource(s)
  -------------------------------------------------------------------    -------------------
    U18                                               0.000     0.000 r  btnC (IN)
                         net (fo=0)                   0.000     0.000    btnC
    U18                  IBUF (Prop_ibuf_I_O)         0.210     0.210 r  btnC_IBUF_inst/O
                         net (fo=475, routed)         0.457     0.667    laby_top/laby_inst/btnC_IBUF
    SLICE_X1Y14          FDRE                                         r  laby_top/laby_inst/visite_v_mem_reg[215]/R
  -------------------------------------------------------------------    -------------------

                         (clock sys_clk_pin rise edge)
                                                      0.000     0.000 r  
    W5                                                0.000     0.000 r  clk (IN)
                         net (fo=0)                   0.000     0.000    clk
    W5                   IBUF (Prop_ibuf_I_O)         0.414     0.414 r  clk_IBUF_inst/O
                         net (fo=1, routed)           0.685     1.099    clk_IBUF
    BUFGCTRL_X0Y0        BUFG (Prop_bufg_I_O)         0.029     1.128 r  clk_IBUF_BUFG_inst/O
                         net (fo=531, routed)         0.861     1.988    laby_top/laby_inst/clk_IBUF_BUFG
    SLICE_X1Y14          FDRE                                         r  laby_top/laby_inst/visite_v_mem_reg[215]/C





